ID	Cover	Importance	Label	WHOs
NC_000962-2155168-G	50	0.1451910293	katG_p.Ser315Thr	isoniazid(77.81%)
NC_000962-761155-T	50	0.1355697637	rpoB_p.Ser450Leu	rifampin(64.40%)
NC_000962-4247429-G	50	0.1092417309	embB_p.Met306Val	ethambutol(34.23%)
NC_000962-4247431-A	50	0.0824668333	embB_p.Met306Ile	ethambutol(20.60%)
NC_000962-761110-T	50	0.05899975511	rpoB_p.Asp435Val	rifampin(6.86%)
NC_000962-761139-T	50	0.05063459394	rpoB_p.His445Tyr	rifampin(3.53%)
NC_000962-4248003-G	50	0.04940663498	embB_p.Gln497Arg	ethambutol(10.54%)
NC_000962-761139-G	50	0.0452301861	rpoB_p.His445Asp	rifampin(3.62%)
NC_000962-4247431-C	50	0.03705336498	embB_p.Met306Ile	ethambutol(20.60%)
NC_000962-1673425-T	50	0.03611850539	NC_000962-1673425-T	NA
NC_000962-7570-T	50	0.03407306431	gyrA_p.Ala90Val	NA
NC_000962-761161-C	50	0.0287148446455	rpoB_p.Leu452Pro	rifampin(1.67%)
NC_000962-311889-T	50	0.0188252754692	NC_000962-311889-T	NA
NC_000962-1523817-T	50	0.0130311098831	moeY_p.Arg72Arg	NA
NC_000962-761155-G	49	0.03908702651	rpoB_p.Ser450Trp	rifampin(1.42%)
NC_000962-484005-T	49	0.0187557072455	fadD30_p.Arg10Leu	NA
NC_000962-2155168-T	48	0.03270539451	katG_p.Ser315Asn	isoniazid(0.99%)
NC_000962-941722-G	48	0.0129554099842	NC_000962-941722-G	NA
NC_000962-3310174-A	47	0.0140131887662	NC_000962-3310174-A	NA
NC_000962-2838897-G	47	0.0124211620086	NC_000962-2838897-G	NA
NC_000962-208590-C	47	0.0121747092149	NC_000962-208590-C	NA
NC_000962-1151304-A	47	0.0111740786807	kdpD_p.Arg128Leu	NA
NC_000962-761109-T	46	0.03508175125	rpoB_p.Asp435Tyr	rifampin(2.03%)
NC_000962-1446733-A	46	0.0108249094693	argS_p.Ala119Thr	NA
NC_000962-2340621-G	46	0.007795312917	NC_000962-2340621-G	NA
NC_000962-1472359-C	45	0.0163101019488	rrs_variant	NA
NC_000962-2867756-C	44	0.0231287354094	lppB_p.Ile211Ile	NA
NC_000962-4215433-T	43	0.00975594230364	NC_000962-4215433-T	NA
NC_000962-2586076-G	42	0.0143139199258	NC_000962-2586076-G	NA
NC_000962-3846791-G	41	0.0091933217685	NC_000962-3846791-G	NA
NC_000962-94388-A	41	0.0073140500299	hycQ_p.Gly146Gly	NA
NC_000962-1472362-T	40	0.0249103558029	rrs_variant	NA
NC_000962-2630740-C	40	0.0068410774822	plcA_p.Thr446Ala	NA
NC_000962-4247730-C	39	0.038819338783	embB_p.Gly406Ala	ethambutol(3.46%)
NC_000962-4357804-G	39	0.0138039385761	espK_p.Glu660Ala	NA
NC_000962-363464-A	39	0.0092090325727	NC_000962-363464-A	NA
NC_000962-2399734-A	38	0.012022584917	pyrD_p.Gly339Ser	NA
NC_000962-1695796-T	38	0.0075880228513	NC_000962-1695796-T	NA
NC_000962-757139-A	37	0.0158861516261	atsD_p.Arg335Ser	NA
NC_000962-190816-C	37	0.0088892195788	NC_000962-190816-C	NA
NC_000962-2543395-C	37	0.00816547945329	cyp128_p.Glu294Glu	NA
NC_000962-4247730-A	36	0.028767224469	embB_p.Gly406Asp	ethambutol(2.89%)
NC_000962-1201581-C	36	0.0106234431107	lipU_p.Gln272Pro	NA
NC_000962-2548700-T	36	0.0095394571037	cyp121_p.His318Tyr	NA
NC_000962-1831226-G	36	0.009396480353	polA_p.Arg188Gly	NA
NC_000962-1967543-A	36	0.009154719741	NC_000962-1967543-A	NA
NC_000962-1071966-G	36	0.0078027537698	NC_000962-1071966-G	NA
NC_000962-3033189-A	36	0.0077987171213	NC_000962-3033189-A	NA
NC_000962-4290135-T	36	0.0077489238836	mmpL8_p.Leu465Leu	NA
NC_000962-4267647-C	36	0.007724393068	aftB_p.Asp397Gly	NA
NC_000962-2948230-A	35	0.0123599545112	NC_000962-2948230-A	NA
NC_000962-87468-T	35	0.0106189772986	NC_000962-87468-T	NA
NC_000962-3284855-T	35	0.0086064250173	fadD28_p.Ile507Ile	NA
NC_000962-1831220-C	34	0.0150418964181	polA_p.Thr186Pro	NA
NC_000962-147262-T	34	0.0129279057887	fusA2_p.Asp170Glu	NA
NC_000962-3276703-G	34	0.0099264540631	mas_p.Thr2005Pro	NA
NC_000962-1172085-A	34	0.00787993211693	NC_000962-1172085-A	NA
NC_000962-1364706-A	34	0.0073673365936	sigE_p.Leu98Leu	NA
NC_000962-4308395-A	34	0.0070064999015	serS_p.Leu174Leu	NA
NC_000962-2793810-A	33	0.0122137839716	lipQ_p.Arg60Leu	NA
NC_000962-4378504-C	33	0.011960320513	eccC2_p.Asp650Gly	NA
NC_000962-2980861-G	33	0.0092599515539	NC_000962-2980861-G	NA
NC_000962-2337179-T	33	0.0087603946536	NC_000962-2337179-T	NA
NC_000962-2072313-A	33	0.0082032966426	gcvH_p.Thr121Lys	NA
NC_000962-4301075-C	33	0.0077556351036	fadD23_p.Glu422Gln	NA
NC_000962-2128908-T	33	0.0073419119227	glnA3_p.Ser296Phe	NA
NC_000962-4284429-A	33	0.0070052515713	papA2_p.Pro466Leu	NA
NC_000962-2955957-C	33	0.00678325288305	NC_000962-2955957-C	NA
NC_000962-3993058-A	32	0.013577897938974	fdxB_p.Gly125Glu	NA
NC_000962-63146-T	32	0.0126091346323	NC_000962-63146-T	NA
NC_000962-2510350-G	32	0.01141145129176	NC_000962-2510350-G	NA
NC_000962-484596-T	32	0.0110608400742	fadD30_p.Pro207Leu	NA
NC_000962-4254431-A	32	0.0095295831467	accD4_p.Asp506Asp	NA
NC_000962-1674048-A	32	0.008615032525	fabG1_p.Leu203Leu	NA
NC_000962-2612256-T	32	0.0078134168383	NC_000962-2612256-T	NA
NC_000962-353309-A	32	0.0075879116629	eccD3_p.Ser76Asn	NA
NC_000962-2097270-T	32	0.0064982567887	NC_000962-2097270-T	NA
NC_000962-2706663-T	31	0.0113200062468	NC_000962-2706663-T	NA
NC_000962-3111476-T	31	0.0112957005483	NC_000962-3111476-T	NA
NC_000962-1034758-T	31	0.0104272020172	NC_000962-1034758-T	NA
NC_000962-353365-A	31	0.01007288920317	eccD3_p.Ala95Thr	NA
NC_000962-1678706-C	31	0.0096474313703	NC_000962-1678706-C	NA
NC_000962-3487108-T	31	0.0094677918376	cyp141_p.Ala200Ala	NA
NC_000962-3678249-C	31	0.0090075665828	lhr_p.Lys492Thr	NA
NC_000962-1887060-G	31	0.0089498834729	pks17_p.Thr183Thr	NA
NC_000962-3597249-G	31	0.008937586531	NC_000962-3597249-G	NA
NC_000962-1849051-T	31	0.008149221673	lysX_p.Pro995Pro	NA
NC_000962-2867594-A	31	0.0071560267156	lppB_p.Leu157Leu	NA
NC_000962-4274541-A	31	0.0063596092151	pirG_p.Pro268His	NA
NC_000962-4247574-C	30	0.0205362081533	embB_p.Asp354Ala	ethambutol(3.17%)
NC_000962-761095-C	30	0.013858091538	rpoB_p.Leu430Pro	rifampin(1.28%)
NC_000962-2833329-A	30	0.0128498179896	NC_000962-2833329-A	NA
NC_000962-811753-T	30	0.0112470715328	rplX_p.His4His	NA
NC_000962-3009834-G	30	0.01118668645054	ceoB_p.Asp164Gly	NA
NC_000962-1980652-T	30	0.0095230963587327	NC_000962-1980652-T	NA
NC_000962-3542049-A	30	0.0094500229292	NC_000962-3542049-A	NA
NC_000962-1885385-G	30	0.0085173550972	pks8_p.Leu1228Val	NA
NC_000962-1288698-A	30	0.0074704540118	narG_p.Gly457Gly	NA
NC_000962-2668467-A	30	0.0071981449891	mbtD_p.Pro601Pro	NA
NC_000962-940602-G	30	0.0063387146352	narL_p.Gly169Arg	NA
NC_000962-267751-C	29	0.009545162629	NC_000962-267751-C	NA
NC_000962-3979990-G	29	0.0084187107583	ltp2_p.Val224Leu	NA
NC_000962-2673818-G	29	0.0076159221281	mbtB_p.Val674Leu	NA
NC_000962-4050811-A	29	0.0072775223188	ftsH_p.Tyr691Tyr	NA
NC_000962-4174131-C	28	0.0116100991312	NC_000962-4174131-C	NA
NC_000962-222925-A	28	0.0114681268879	NC_000962-222925-A	NA
NC_000962-4359653-T	28	0.0093407356148	espK_p.Asp44Asn	NA
NC_000962-213147-A	28	0.0086025582105	sigG_p.Asp332Tyr	NA
NC_000962-1097442-T	28	0.00722793156177	mprA_p.Asp207Asp	NA
NC_000962-3612813-C	28	0.0064147795327	NC_000962-3612813-C	NA
NC_000962-761140-T	27	0.014765857199	rpoB_p.His445Leu	rifampin(1.29%)
NC_000962-4249583-A	27	0.011566847382	embB_p.Asp1024Asn	NA
NC_000962-1733325-G	27	0.008714143065	NC_000962-1733325-G	NA
NC_000962-3798596-G	27	0.0073261392837	NC_000962-3798596-G	NA
NC_000962-4186678-A	27	0.0069496538147	NC_000962-4186678-A	NA
NC_000962-479632-T	27	0.0061469979602	fadE7_p.Thr41Asn	NA
NC_000962-760314-T	26	0.0178811188193	rpoB_p.Val170Phe	rifampin(0.53%)
NC_000962-16119-A	26	0.0091438642386	pknB_p.Arg451Leu	NA
NC_000962-4252066-C	26	0.0086353431664	fadE35_p.Ser328Pro	NA
NC_000962-2789798-T	26	0.0072230631318	plsC_p.Arg409Arg	NA
NC_000962-555366-T	26	0.0062506499868	NC_000962-555366-T	NA
NC_000962-4243221-T	25	0.0241691611471	NC_000962-4243221-T	NA
NC_000962-1955941-C	25	0.0074579160752	NC_000962-1955941-C	NA
NC_000962-4205325-G	24	0.0109300657782	proX_p.Trp17Arg	NA
NC_000962-572468-A	24	0.0103241077378	lprQ_p.Met253Ile	NA
NC_000962-861216-G	24	0.0100528558043	aldA_p.Leu102Arg	NA
NC_000962-3903530-C	24	0.0069098519189	NC_000962-3903530-C	NA
NC_000962-4340028-C	23	0.0096372953417	NC_000962-4340028-C	NA
NC_000962-3675504-T	23	0.0061514662383	NC_000962-3675504-T	NA
NC_000962-2401402-T	22	0.0127345749001	NC_000962-2401402-T	NA
NC_000962-3883178-C	22	0.010564628793	rmlC_p.Glu115Asp	NA
NC_000962-694531-G	21	0.008089929811	mce2F_p.Asn432Ser	NA
NC_000962-4339236-T	21	0.00617394954	NC_000962-4339236-T	NA
NC_000962-4247431-T	19	0.0084499566626	embB_p.Met306Ile	ethambutol(20.60%)
NC_000962-2376135-G	19	0.0066052663046	mpa_p.Ser52Ser	NA
NC_000962-147946-T	17	0.0120505726131	NC_000962-147946-T	NA
NC_000962-4243217-T	17	0.0109244242735	NC_000962-4243217-T	NA
NC_000962-7572-C	17	0.0070440609924	gyrA_p.Ser91Pro	NA
NC_000962-4409995-A	16	0.02209697269	NC_000962-4409995-A	NA
NC_000962-3633957-C	15	0.0084762215321	NC_000962-3633957-C	NA
NC_000962-761140-G	15	0.0079847782446	rpoB_p.His445Arg	rifampin(0.81%)
NC_000962-3272997-G	14	0.0139981882427	drrA_p.Arg262Gly	NA
NC_000962-680782-T	14	0.006358171756	NC_000962-680782-T	NA
NC_000962-2486496-A	14	0.0060750312502	NC_000962-2486496-A	NA
NC_000962-1967844-A	13	0.008830866273	vapB34_p.Ala47Glu	NA
NC_000962-1721490-G	12	0.007232333613	NC_000962-1721490-G	NA
NC_000962-3695970-A	11	0.0081688037063	pmmB_p.Leu369Leu	NA
NC_000962-4011950-A	11	0.0069208042503	hsaA_p.Val107Val	NA
NC_000962-24125-A	11	0.0065897690777	fhaA_p.Leu440Leu	NA
NC_000962-4243217-G	11	0.006101585662	NC_000962-4243217-G	NA
NC_000962-1018945-T	6	0.0004971658644	NC_000962-1018945-T	NA
