Drug	Method	Name	laboratory_method	y_pred	Evidence
Ethambutol	mykrobe	ERR10225375	Susceptible	0	NULL
Isoniazid	mykrobe	ERR10225375	Susceptible	0	NULL
Rifampicin	mykrobe	ERR10225375	Resistant	0	NULL
Ethambutol	mykrobe	ERR10225376	Susceptible	0	NULL
Isoniazid	mykrobe	ERR10225376	Susceptible	0	NULL
Rifampicin	mykrobe	ERR10225376	Susceptible	1	rpoB_S450L-TCG761154TTG:0:42:253
Ethambutol	mykrobe	ERR10225382	Susceptible	0	NULL
Isoniazid	mykrobe	ERR10225382	Susceptible	1	katG_S315T-GCT2155167GGT:0:38:196
Rifampicin	mykrobe	ERR10225382	Resistant	0	NULL
Ethambutol	mykrobe	ERR10225385	Susceptible	0	NULL
Isoniazid	mykrobe	ERR10225385	Susceptible	0	NULL
Rifampicin	mykrobe	ERR10225385	Resistant	0	NULL
Ethambutol	mykrobe	ERR10225386	Susceptible	0	NULL
Isoniazid	mykrobe	ERR10225386	Susceptible	0	NULL
Rifampicin	mykrobe	ERR10225386	Resistant	1	rpoB_S450L-TCG761154TTG:0:19:158
Ethambutol	mykrobe	ERR10225389	Susceptible	0	NULL
Isoniazid	mykrobe	ERR10225389	Resistant	1	katG_S315T-GCT2155167GGT:6:42:205
Rifampicin	mykrobe	ERR10225389	Resistant	0	NULL
Ethambutol	mykrobe	ERR10225390	Resistant	0	NULL
Isoniazid	mykrobe	ERR10225390	Resistant	1	fabG1_C-15X-C1673425T:0:20:162
Rifampicin	mykrobe	ERR10225390	Resistant	0	NULL
Ethambutol	mykrobe	ERR10225399	Susceptible	0	NULL
Isoniazid	mykrobe	ERR10225399	Resistant	1	katG_S315T-GCT2155167GGT:0:147:890
Rifampicin	mykrobe	ERR10225399	Susceptible	0	NULL
Rifampicin	mykrobe	ERR10225402	Resistant	1	rpoB_S450L-TCG761154TTG:20:65:244
Isoniazid	mykrobe	ERR10225414	Resistant	0	NULL
Rifampicin	mykrobe	ERR10225414	Susceptible	1	rpoB_S450L-TCG761154TTG:0:19:158
Ethambutol	mykrobe	ERR10225415	Susceptible	0	NULL
Isoniazid	mykrobe	ERR10225415	Resistant	0	NULL
Rifampicin	mykrobe	ERR10225415	Susceptible	0	NULL
Ethambutol	mykrobe	ERR10225416	Susceptible	0	NULL
Isoniazid	mykrobe	ERR10225416	Resistant	0	NULL
Rifampicin	mykrobe	ERR10225416	Susceptible	1	rpoB_S450L-TCG761154TTG:0:19:199
Ethambutol	mykrobe	ERR10225424	Susceptible	1	embB_Q497R-CAG4248002CGG:8:38:172
Isoniazid	mykrobe	ERR10225424	Susceptible	0	NULL
Rifampicin	mykrobe	ERR10225424	Susceptible	0	NULL
Ethambutol	mykrobe	ERR10225425	Resistant	1	embB_M306V-ATG4247429GTG:0:49:281
Isoniazid	mykrobe	ERR10225425	Resistant	1	fabG1_C-15X-C1673425T:0:20:162
Rifampicin	mykrobe	ERR10225425	Resistant	1	rpoB_S450L-TCG761154TTG:0:20:162
Ethambutol	mykrobe	ERR10225435	Resistant	0	NULL
Isoniazid	mykrobe	ERR10225435	Resistant	0	NULL
Rifampicin	mykrobe	ERR10225435	Resistant	0	NULL
Ethambutol	mykrobe	ERR10225445	Susceptible	0	NULL
Isoniazid	mykrobe	ERR10225445	Resistant	0	NULL
Rifampicin	mykrobe	ERR10225445	Resistant	0	NULL
Ethambutol	mykrobe	ERR10225447	Resistant	1	embB_M306V-ATG4247429GTG:3:20:173
Isoniazid	mykrobe	ERR10225447	Resistant	1	fabG1_C-15X-C1673425T:20:60:214;katG_S315T-GCT2155167GGT:0:75:430
Rifampicin	mykrobe	ERR10225447	Resistant	0	NULL
Ethambutol	mykrobe	ERR10225459	Susceptible	0	NULL
Isoniazid	mykrobe	ERR10225459	Susceptible	0	NULL
Rifampicin	mykrobe	ERR10225459	Susceptible	0	NULL
Ethambutol	mykrobe	ERR10225467	Susceptible	0	NULL
Isoniazid	mykrobe	ERR10225467	Susceptible	0	NULL
Rifampicin	mykrobe	ERR10225467	Resistant	0	NULL
Ethambutol	mykrobe	ERR10225469	Susceptible	0	NULL
Isoniazid	mykrobe	ERR10225469	Resistant	0	NULL
Rifampicin	mykrobe	ERR10225469	Resistant	0	NULL
Ethambutol	mykrobe	ERR10225483	Resistant	1	embB_M306V-ATG4247429GTG:41:56:178
Isoniazid	mykrobe	ERR10225483	Susceptible	0	NULL
Rifampicin	mykrobe	ERR10225483	Susceptible	0	NULL
Ethambutol	mykrobe	ERR10225492	Resistant	0	NULL
Isoniazid	mykrobe	ERR10225492	Resistant	1	katG_S315T-GCT2155167GGT:0:21:207
Rifampicin	mykrobe	ERR10225492	Resistant	1	rpoB_D435Y-GAC761109TAC:0:40:284
Ethambutol	mykrobe	ERR10225497	Susceptible	0	NULL
Isoniazid	mykrobe	ERR10225497	Susceptible	0	NULL
Rifampicin	mykrobe	ERR10225497	Susceptible	0	NULL
Ethambutol	mykrobe	ERR10225499	Susceptible	0	NULL
Isoniazid	mykrobe	ERR10225499	Susceptible	0	NULL
Rifampicin	mykrobe	ERR10225499	Susceptible	0	NULL
Ethambutol	mykrobe	ERR10225500	Susceptible	0	NULL
Isoniazid	mykrobe	ERR10225500	Susceptible	0	NULL
Rifampicin	mykrobe	ERR10225500	Susceptible	0	NULL
Rifampicin	mykrobe	ERR10225501	Susceptible	0	NULL
Rifampicin	mykrobe	ERR10225502	Susceptible	0	NULL
Ethambutol	mykrobe	ERR10225504	Susceptible	0	NULL
Isoniazid	mykrobe	ERR10225504	Susceptible	0	NULL
Rifampicin	mykrobe	ERR10225504	Resistant	0	NULL
Rifampicin	mykrobe	ERR10225507	Susceptible	0	NULL
Ethambutol	mykrobe	ERR10225511	Susceptible	0	NULL
Isoniazid	mykrobe	ERR10225511	Susceptible	0	NULL
Rifampicin	mykrobe	ERR10225511	Susceptible	0	NULL
Ethambutol	mykrobe	ERR10225514	Susceptible	0	NULL
Isoniazid	mykrobe	ERR10225514	Susceptible	0	NULL
Rifampicin	mykrobe	ERR10225514	Resistant	0	NULL
Ethambutol	mykrobe	ERR10225517	Susceptible	0	NULL
Isoniazid	mykrobe	ERR10225517	Susceptible	0	NULL
Rifampicin	mykrobe	ERR10225517	Susceptible	0	NULL
Ethambutol	mykrobe	ERR10225519	Susceptible	0	NULL
Isoniazid	mykrobe	ERR10225519	Susceptible	0	NULL
Rifampicin	mykrobe	ERR10225519	Susceptible	0	NULL
Ethambutol	mykrobe	ERR10225520	Susceptible	0	NULL
Isoniazid	mykrobe	ERR10225520	Susceptible	0	NULL
Rifampicin	mykrobe	ERR10225520	Susceptible	0	NULL
Ethambutol	mykrobe	ERR10225523	Susceptible	0	NULL
Isoniazid	mykrobe	ERR10225523	Susceptible	0	NULL
Rifampicin	mykrobe	ERR10225523	Susceptible	0	NULL
Ethambutol	mykrobe	ERR10225524	Susceptible	0	NULL
Isoniazid	mykrobe	ERR10225524	Resistant	0	NULL
Rifampicin	mykrobe	ERR10225524	Susceptible	0	NULL
Ethambutol	mykrobe	ERR10225525	Susceptible	0	NULL
Isoniazid	mykrobe	ERR10225525	Susceptible	0	NULL
Rifampicin	mykrobe	ERR10225525	Susceptible	0	NULL
Ethambutol	mykrobe	ERR10225527	Susceptible	0	NULL
Isoniazid	mykrobe	ERR10225527	Susceptible	0	NULL
Rifampicin	mykrobe	ERR10225527	Susceptible	0	NULL
Ethambutol	mykrobe	ERR10225528	Susceptible	0	NULL
Isoniazid	mykrobe	ERR10225528	Susceptible	0	NULL
Rifampicin	mykrobe	ERR10225528	Susceptible	0	NULL
Rifampicin	mykrobe	ERR10225535	Resistant	0	NULL
Ethambutol	mykrobe	ERR10225536	Susceptible	0	NULL
Isoniazid	mykrobe	ERR10225536	Susceptible	0	NULL
Rifampicin	mykrobe	ERR10225536	Susceptible	0	NULL
Ethambutol	mykrobe	ERR10225537	Susceptible	0	NULL
Isoniazid	mykrobe	ERR10225537	Susceptible	0	NULL
Rifampicin	mykrobe	ERR10225537	Susceptible	0	NULL
Ethambutol	mykrobe	ERR10225539	Susceptible	0	NULL
Isoniazid	mykrobe	ERR10225539	Susceptible	0	NULL
Rifampicin	mykrobe	ERR10225539	Susceptible	0	NULL
Rifampicin	mykrobe	ERR10225542	Susceptible	0	NULL
Ethambutol	mykrobe	ERR10225543	Susceptible	0	NULL
Isoniazid	mykrobe	ERR10225543	Resistant	1	fabG1_C-15X-C1673425T:0:40:244;katG_S315T-GCT2155167GGT:0:72:377
Rifampicin	mykrobe	ERR10225543	Resistant	0	NULL
Ethambutol	mykrobe	ERR10225546	Susceptible	0	NULL
Isoniazid	mykrobe	ERR10225546	Susceptible	0	NULL
Rifampicin	mykrobe	ERR10225546	Susceptible	0	NULL
Rifampicin	mykrobe	ERR10225549	Susceptible	0	NULL
Rifampicin	mykrobe	ERR10225550	Susceptible	1	rpoB_S450L-TCG761154TTG:0:38:196
Ethambutol	mykrobe	ERR10225551	Susceptible	0	NULL
Isoniazid	mykrobe	ERR10225551	Susceptible	0	NULL
Rifampicin	mykrobe	ERR10225551	Susceptible	0	NULL
Ethambutol	mykrobe	ERR10225553	Susceptible	0	NULL
Isoniazid	mykrobe	ERR10225553	Susceptible	0	NULL
Rifampicin	mykrobe	ERR10225553	Susceptible	0	NULL
Ethambutol	tbprofiler	ERR10225375	Susceptible	0	NULL
Isoniazid	tbprofiler	ERR10225375	Susceptible	0	NULL
Rifampicin	tbprofiler	ERR10225375	Resistant	1	rpoB_p.Ser450Leu(0.50)
Ethambutol	tbprofiler	ERR10225376	Susceptible	1	embB_p.Met306Val(1.00)
Isoniazid	tbprofiler	ERR10225376	Susceptible	1	katG_p.Ser315Thr(1.00)
Rifampicin	tbprofiler	ERR10225376	Susceptible	1	rpoB_p.Ser450Leu(1.00),rpoC_p.Ile491Thr(1.00)
Ethambutol	tbprofiler	ERR10225382	Susceptible	0	NULL
Isoniazid	tbprofiler	ERR10225382	Susceptible	1	fabG1_c.-15C>T(0.50),katG_p.Ser315Thr(1.00),katG_p.Gly299Cys(1.00)
Rifampicin	tbprofiler	ERR10225382	Resistant	0	NULL
Ethambutol	tbprofiler	ERR10225385	Susceptible	0	NULL
Isoniazid	tbprofiler	ERR10225385	Susceptible	1	katG_p.Ser315Thr(0.50)
Rifampicin	tbprofiler	ERR10225385	Resistant	0	NULL
Ethambutol	tbprofiler	ERR10225386	Susceptible	0	NULL
Isoniazid	tbprofiler	ERR10225386	Susceptible	0	NULL
Rifampicin	tbprofiler	ERR10225386	Resistant	1	rpoB_p.Ser450Leu(1.00)
Ethambutol	tbprofiler	ERR10225389	Susceptible	1	embA_c.-16C>T(0.50)
Isoniazid	tbprofiler	ERR10225389	Resistant	1	katG_p.Ser315Thr(0.67)
Rifampicin	tbprofiler	ERR10225389	Resistant	0	NULL
Ethambutol	tbprofiler	ERR10225390	Resistant	0	NULL
Isoniazid	tbprofiler	ERR10225390	Resistant	1	fabG1_c.-15C>T(1.00)
Rifampicin	tbprofiler	ERR10225390	Resistant	0	NULL
Ethambutol	tbprofiler	ERR10225399	Susceptible	0	NULL
Isoniazid	tbprofiler	ERR10225399	Resistant	1	katG_p.Ser315Thr(1.00)
Rifampicin	tbprofiler	ERR10225399	Susceptible	1	rpoB_p.Ser450Leu(1.00)
Rifampicin	tbprofiler	ERR10225402	Resistant	1	rpoB_p.Ser450Leu(0.75),rpoC_p.Ile491Thr(0.83)
Isoniazid	tbprofiler	ERR10225414	Resistant	1	katG_p.Ser315Thr(1.00),katG_p.Leu141Phe(1.00)
Rifampicin	tbprofiler	ERR10225414	Susceptible	0	NULL
Ethambutol	tbprofiler	ERR10225415	Susceptible	0	NULL
Isoniazid	tbprofiler	ERR10225415	Resistant	0	NULL
Rifampicin	tbprofiler	ERR10225415	Susceptible	0	NULL
Ethambutol	tbprofiler	ERR10225416	Susceptible	1	embA_c.-12C>T(0.29)
Isoniazid	tbprofiler	ERR10225416	Resistant	1	katG_p.Ser315Thr(1.00)
Rifampicin	tbprofiler	ERR10225416	Susceptible	1	rpoB_p.Ser450Leu(1.00)
Ethambutol	tbprofiler	ERR10225424	Susceptible	1	embB_p.Gln497Arg(1.00)
Isoniazid	tbprofiler	ERR10225424	Susceptible	0	NULL
Rifampicin	tbprofiler	ERR10225424	Susceptible	0	NULL
Ethambutol	tbprofiler	ERR10225425	Resistant	1	embB_p.Met306Val(1.00)
Isoniazid	tbprofiler	ERR10225425	Resistant	0	NULL
Rifampicin	tbprofiler	ERR10225425	Resistant	1	rpoB_p.Ser450Leu(1.00)
Ethambutol	tbprofiler	ERR10225435	Resistant	0	NULL
Isoniazid	tbprofiler	ERR10225435	Resistant	0	NULL
Rifampicin	tbprofiler	ERR10225435	Resistant	0	NULL
Ethambutol	tbprofiler	ERR10225445	Susceptible	0	NULL
Isoniazid	tbprofiler	ERR10225445	Resistant	0	NULL
Rifampicin	tbprofiler	ERR10225445	Resistant	0	NULL
Ethambutol	tbprofiler	ERR10225447	Resistant	1	embA_c.-11C>A(1.00)
Isoniazid	tbprofiler	ERR10225447	Resistant	1	fabG1_c.-15C>T(0.75),katG_p.Ser315Thr(1.00)
Rifampicin	tbprofiler	ERR10225447	Resistant	0	NULL
Ethambutol	tbprofiler	ERR10225459	Susceptible	1	embB_p.Gly406Ser(1.00)
Isoniazid	tbprofiler	ERR10225459	Susceptible	0	NULL
Rifampicin	tbprofiler	ERR10225459	Susceptible	0	NULL
Ethambutol	tbprofiler	ERR10225467	Susceptible	0	NULL
Isoniazid	tbprofiler	ERR10225467	Susceptible	1	katG_p.Ser315Thr(0.50)
Rifampicin	tbprofiler	ERR10225467	Resistant	1	rpoB_p.Ser450Leu(0.50)
Ethambutol	tbprofiler	ERR10225469	Susceptible	0	NULL
Isoniazid	tbprofiler	ERR10225469	Resistant	0	NULL
Rifampicin	tbprofiler	ERR10225469	Resistant	0	NULL
Ethambutol	tbprofiler	ERR10225483	Resistant	1	embB_p.Met306Val(0.60)
Isoniazid	tbprofiler	ERR10225483	Susceptible	0	NULL
Rifampicin	tbprofiler	ERR10225483	Susceptible	0	NULL
Ethambutol	tbprofiler	ERR10225492	Resistant	0	NULL
Isoniazid	tbprofiler	ERR10225492	Resistant	0	NULL
Rifampicin	tbprofiler	ERR10225492	Resistant	1	rpoB_p.Asp435Tyr(1.00)
Ethambutol	tbprofiler	ERR10225497	Susceptible	0	NULL
Isoniazid	tbprofiler	ERR10225497	Susceptible	0	NULL
Rifampicin	tbprofiler	ERR10225497	Susceptible	0	NULL
Ethambutol	tbprofiler	ERR10225499	Susceptible	0	NULL
Isoniazid	tbprofiler	ERR10225499	Susceptible	0	NULL
Rifampicin	tbprofiler	ERR10225499	Susceptible	0	NULL
Ethambutol	tbprofiler	ERR10225500	Susceptible	0	NULL
Isoniazid	tbprofiler	ERR10225500	Susceptible	0	NULL
Rifampicin	tbprofiler	ERR10225500	Susceptible	0	NULL
Rifampicin	tbprofiler	ERR10225501	Susceptible	0	NULL
Rifampicin	tbprofiler	ERR10225502	Susceptible	0	NULL
Ethambutol	tbprofiler	ERR10225504	Susceptible	0	NULL
Isoniazid	tbprofiler	ERR10225504	Susceptible	0	NULL
Rifampicin	tbprofiler	ERR10225504	Resistant	0	NULL
Rifampicin	tbprofiler	ERR10225507	Susceptible	0	NULL
Ethambutol	tbprofiler	ERR10225511	Susceptible	0	NULL
Isoniazid	tbprofiler	ERR10225511	Susceptible	0	NULL
Rifampicin	tbprofiler	ERR10225511	Susceptible	0	NULL
Ethambutol	tbprofiler	ERR10225514	Susceptible	0	NULL
Isoniazid	tbprofiler	ERR10225514	Susceptible	0	NULL
Rifampicin	tbprofiler	ERR10225514	Resistant	0	NULL
Ethambutol	tbprofiler	ERR10225517	Susceptible	0	NULL
Isoniazid	tbprofiler	ERR10225517	Susceptible	0	NULL
Rifampicin	tbprofiler	ERR10225517	Susceptible	0	NULL
Ethambutol	tbprofiler	ERR10225519	Susceptible	0	NULL
Isoniazid	tbprofiler	ERR10225519	Susceptible	0	NULL
Rifampicin	tbprofiler	ERR10225519	Susceptible	0	NULL
Ethambutol	tbprofiler	ERR10225520	Susceptible	0	NULL
Isoniazid	tbprofiler	ERR10225520	Susceptible	0	NULL
Rifampicin	tbprofiler	ERR10225520	Susceptible	0	NULL
Ethambutol	tbprofiler	ERR10225523	Susceptible	0	NULL
Isoniazid	tbprofiler	ERR10225523	Susceptible	0	NULL
Rifampicin	tbprofiler	ERR10225523	Susceptible	0	NULL
Ethambutol	tbprofiler	ERR10225524	Susceptible	0	NULL
Isoniazid	tbprofiler	ERR10225524	Resistant	0	NULL
Rifampicin	tbprofiler	ERR10225524	Susceptible	0	NULL
Ethambutol	tbprofiler	ERR10225525	Susceptible	0	NULL
Isoniazid	tbprofiler	ERR10225525	Susceptible	0	NULL
Rifampicin	tbprofiler	ERR10225525	Susceptible	0	NULL
Ethambutol	tbprofiler	ERR10225527	Susceptible	0	NULL
Isoniazid	tbprofiler	ERR10225527	Susceptible	0	NULL
Rifampicin	tbprofiler	ERR10225527	Susceptible	0	NULL
Ethambutol	tbprofiler	ERR10225528	Susceptible	0	NULL
Isoniazid	tbprofiler	ERR10225528	Susceptible	0	NULL
Rifampicin	tbprofiler	ERR10225528	Susceptible	0	NULL
Rifampicin	tbprofiler	ERR10225535	Resistant	0	NULL
Ethambutol	tbprofiler	ERR10225536	Susceptible	0	NULL
Isoniazid	tbprofiler	ERR10225536	Susceptible	0	NULL
Rifampicin	tbprofiler	ERR10225536	Susceptible	0	NULL
Ethambutol	tbprofiler	ERR10225537	Susceptible	0	NULL
Isoniazid	tbprofiler	ERR10225537	Susceptible	0	NULL
Rifampicin	tbprofiler	ERR10225537	Susceptible	0	NULL
Ethambutol	tbprofiler	ERR10225539	Susceptible	0	NULL
Isoniazid	tbprofiler	ERR10225539	Susceptible	0	NULL
Rifampicin	tbprofiler	ERR10225539	Susceptible	0	NULL
Rifampicin	tbprofiler	ERR10225542	Susceptible	0	NULL
Ethambutol	tbprofiler	ERR10225543	Susceptible	0	NULL
Isoniazid	tbprofiler	ERR10225543	Resistant	1	fabG1_c.-15C>T(1.00),katG_p.Ser315Thr(1.00)
Rifampicin	tbprofiler	ERR10225543	Resistant	0	NULL
Ethambutol	tbprofiler	ERR10225546	Susceptible	0	NULL
Isoniazid	tbprofiler	ERR10225546	Susceptible	0	NULL
Rifampicin	tbprofiler	ERR10225546	Susceptible	0	NULL
Rifampicin	tbprofiler	ERR10225549	Susceptible	0	NULL
Rifampicin	tbprofiler	ERR10225550	Susceptible	1	rpoB_p.Ser450Leu(1.00)
Ethambutol	tbprofiler	ERR10225551	Susceptible	0	NULL
Isoniazid	tbprofiler	ERR10225551	Susceptible	0	NULL
Rifampicin	tbprofiler	ERR10225551	Susceptible	0	NULL
Ethambutol	tbprofiler	ERR10225553	Susceptible	0	NULL
Isoniazid	tbprofiler	ERR10225553	Susceptible	0	NULL
Rifampicin	tbprofiler	ERR10225553	Susceptible	0	NULL
Ethambutol	vmdm	ERR10225375	Susceptible	0	NULL
Isoniazid	vmdm	ERR10225375	Susceptible	1	model(0.65)
Rifampicin	vmdm	ERR10225375	Resistant	1	model(0.98)
Ethambutol	vmdm	ERR10225376	Susceptible	1	embB_p.Met306Val(R:34.23%),model(0.89)
Isoniazid	vmdm	ERR10225376	Susceptible	1	katG_p.Ser315Thr(R:77.81%),model(0.99)
Rifampicin	vmdm	ERR10225376	Susceptible	1	rpoB_p.Ser450Leu(R:64.40%),model(0.99)
Ethambutol	vmdm	ERR10225382	Susceptible	0	NULL
Isoniazid	vmdm	ERR10225382	Susceptible	1	katG_p.Ser315Thr(R:77.81%),model(0.99)
Rifampicin	vmdm	ERR10225382	Resistant	1	model(0.85)
Ethambutol	vmdm	ERR10225385	Susceptible	0	NULL
Isoniazid	vmdm	ERR10225385	Susceptible	1	model(0.99)
Rifampicin	vmdm	ERR10225385	Resistant	0	NULL
Ethambutol	vmdm	ERR10225386	Susceptible	1	model(0.57)
Isoniazid	vmdm	ERR10225386	Susceptible	1	model(0.63)
Rifampicin	vmdm	ERR10225386	Resistant	1	rpoB_p.Ser450Leu(R:64.40%),model(0.99)
Ethambutol	vmdm	ERR10225389	Susceptible	1	embB_p.Met306Val(R:34.23%),model(0.77)
Isoniazid	vmdm	ERR10225389	Resistant	1	inhA_c.-154G>A(R:3.57%),model(1.00)
Rifampicin	vmdm	ERR10225389	Resistant	1	model(0.81)
Ethambutol	vmdm	ERR10225390	Resistant	0	NULL
Isoniazid	vmdm	ERR10225390	Resistant	1	inhA_c.-777C>T(R:21.34%),model(0.91)
Rifampicin	vmdm	ERR10225390	Resistant	0	NULL
Ethambutol	vmdm	ERR10225399	Susceptible	0	NULL
Isoniazid	vmdm	ERR10225399	Resistant	1	katG_p.Ser315Thr(R:77.81%),model(0.99)
Rifampicin	vmdm	ERR10225399	Susceptible	1	rpoB_p.Ser450Leu(R:64.40%),model(0.97)
Rifampicin	vmdm	ERR10225402	Resistant	1	rpoB_p.Ser450Leu(R:64.40%),model(0.99)
Isoniazid	vmdm	ERR10225414	Resistant	1	katG_p.Ser315Thr(R:77.81%),model(0.99)
Rifampicin	vmdm	ERR10225414	Susceptible	1	rpoB_p.Ser450Leu(R:64.40%),model(0.99)
Ethambutol	vmdm	ERR10225415	Susceptible	0	NULL
Isoniazid	vmdm	ERR10225415	Resistant	1	model(0.99)
Rifampicin	vmdm	ERR10225415	Susceptible	0	NULL
Ethambutol	vmdm	ERR10225416	Susceptible	0	NULL
Isoniazid	vmdm	ERR10225416	Resistant	1	katG_p.Ser315Thr(R:77.81%),model(0.99)
Rifampicin	vmdm	ERR10225416	Susceptible	1	rpoB_p.Ser450Leu(R:64.40%),model(0.99)
Ethambutol	vmdm	ERR10225424	Susceptible	1	model(0.51)
Isoniazid	vmdm	ERR10225424	Susceptible	1	model(0.77)
Rifampicin	vmdm	ERR10225424	Susceptible	0	NULL
Ethambutol	vmdm	ERR10225425	Resistant	1	embB_p.Met306Val(R:34.23%),model(0.82)
Isoniazid	vmdm	ERR10225425	Resistant	1	model(0.98)
Rifampicin	vmdm	ERR10225425	Resistant	1	rpoB_p.Ser450Leu(R:64.40%),model(0.99)
Ethambutol	vmdm	ERR10225435	Resistant	1	model(0.60)
Isoniazid	vmdm	ERR10225435	Resistant	1	model(0.69)
Rifampicin	vmdm	ERR10225435	Resistant	1	model(0.70)
Ethambutol	vmdm	ERR10225445	Susceptible	0	NULL
Isoniazid	vmdm	ERR10225445	Resistant	0	NULL
Rifampicin	vmdm	ERR10225445	Resistant	0	NULL
Ethambutol	vmdm	ERR10225447	Resistant	1	model(0.88)
Isoniazid	vmdm	ERR10225447	Resistant	1	inhA_c.-777C>T(R:21.34%),katG_p.Ser315Thr(R:77.81%),model(1.00)
Rifampicin	vmdm	ERR10225447	Resistant	1	model(0.93)
Ethambutol	vmdm	ERR10225459	Susceptible	1	embB_p.Gly406Ser(R:1.97%),model(0.52)
Isoniazid	vmdm	ERR10225459	Susceptible	0	NULL
Rifampicin	vmdm	ERR10225459	Susceptible	0	NULL
Ethambutol	vmdm	ERR10225467	Susceptible	1	model(0.64)
Isoniazid	vmdm	ERR10225467	Susceptible	1	model(0.99)
Rifampicin	vmdm	ERR10225467	Resistant	1	rpoB_p.Ser450Leu(R:64.40%),model(0.99)
Ethambutol	vmdm	ERR10225469	Susceptible	0	NULL
Isoniazid	vmdm	ERR10225469	Resistant	0	NULL
Rifampicin	vmdm	ERR10225469	Resistant	0	NULL
Ethambutol	vmdm	ERR10225483	Resistant	1	embB_p.Met306Val(R:34.23%),model(0.75)
Isoniazid	vmdm	ERR10225483	Susceptible	1	model(0.94)
Rifampicin	vmdm	ERR10225483	Susceptible	1	model(0.75)
Ethambutol	vmdm	ERR10225492	Resistant	0	NULL
Isoniazid	vmdm	ERR10225492	Resistant	1	model(0.71)
Rifampicin	vmdm	ERR10225492	Resistant	1	rpoB_p.Asp435Tyr(R:2.03%)
Ethambutol	vmdm	ERR10225497	Susceptible	0	NULL
Isoniazid	vmdm	ERR10225497	Susceptible	0	NULL
Rifampicin	vmdm	ERR10225497	Susceptible	0	NULL
Ethambutol	vmdm	ERR10225499	Susceptible	0	NULL
Isoniazid	vmdm	ERR10225499	Susceptible	0	NULL
Rifampicin	vmdm	ERR10225499	Susceptible	0	NULL
Ethambutol	vmdm	ERR10225500	Susceptible	0	NULL
Isoniazid	vmdm	ERR10225500	Susceptible	0	NULL
Rifampicin	vmdm	ERR10225500	Susceptible	0	NULL
Rifampicin	vmdm	ERR10225501	Susceptible	0	NULL
Rifampicin	vmdm	ERR10225502	Susceptible	0	NULL
Ethambutol	vmdm	ERR10225504	Susceptible	0	NULL
Isoniazid	vmdm	ERR10225504	Susceptible	0	NULL
Rifampicin	vmdm	ERR10225504	Resistant	0	NULL
Rifampicin	vmdm	ERR10225507	Susceptible	0	NULL
Ethambutol	vmdm	ERR10225511	Susceptible	0	NULL
Isoniazid	vmdm	ERR10225511	Susceptible	0	NULL
Rifampicin	vmdm	ERR10225511	Susceptible	0	NULL
Ethambutol	vmdm	ERR10225514	Susceptible	0	NULL
Isoniazid	vmdm	ERR10225514	Susceptible	0	NULL
Rifampicin	vmdm	ERR10225514	Resistant	0	NULL
Ethambutol	vmdm	ERR10225517	Susceptible	0	NULL
Isoniazid	vmdm	ERR10225517	Susceptible	0	NULL
Rifampicin	vmdm	ERR10225517	Susceptible	0	NULL
Ethambutol	vmdm	ERR10225519	Susceptible	0	NULL
Isoniazid	vmdm	ERR10225519	Susceptible	0	NULL
Rifampicin	vmdm	ERR10225519	Susceptible	0	NULL
Ethambutol	vmdm	ERR10225520	Susceptible	0	NULL
Isoniazid	vmdm	ERR10225520	Susceptible	0	NULL
Rifampicin	vmdm	ERR10225520	Susceptible	0	NULL
Ethambutol	vmdm	ERR10225523	Susceptible	0	NULL
Isoniazid	vmdm	ERR10225523	Susceptible	0	NULL
Rifampicin	vmdm	ERR10225523	Susceptible	0	NULL
Ethambutol	vmdm	ERR10225524	Susceptible	0	NULL
Isoniazid	vmdm	ERR10225524	Resistant	0	NULL
Rifampicin	vmdm	ERR10225524	Susceptible	0	NULL
Ethambutol	vmdm	ERR10225525	Susceptible	0	NULL
Isoniazid	vmdm	ERR10225525	Susceptible	0	NULL
Rifampicin	vmdm	ERR10225525	Susceptible	0	NULL
Ethambutol	vmdm	ERR10225527	Susceptible	0	NULL
Isoniazid	vmdm	ERR10225527	Susceptible	0	NULL
Rifampicin	vmdm	ERR10225527	Susceptible	0	NULL
Ethambutol	vmdm	ERR10225528	Susceptible	0	NULL
Isoniazid	vmdm	ERR10225528	Susceptible	0	NULL
Rifampicin	vmdm	ERR10225528	Susceptible	0	NULL
Rifampicin	vmdm	ERR10225535	Resistant	0	NULL
Ethambutol	vmdm	ERR10225536	Susceptible	0	NULL
Isoniazid	vmdm	ERR10225536	Susceptible	0	NULL
Rifampicin	vmdm	ERR10225536	Susceptible	0	NULL
Ethambutol	vmdm	ERR10225537	Susceptible	0	NULL
Isoniazid	vmdm	ERR10225537	Susceptible	0	NULL
Rifampicin	vmdm	ERR10225537	Susceptible	0	NULL
Ethambutol	vmdm	ERR10225539	Susceptible	0	NULL
Isoniazid	vmdm	ERR10225539	Susceptible	0	NULL
Rifampicin	vmdm	ERR10225539	Susceptible	0	NULL
Rifampicin	vmdm	ERR10225542	Susceptible	0	NULL
Ethambutol	vmdm	ERR10225543	Susceptible	0	NULL
Isoniazid	vmdm	ERR10225543	Resistant	1	inhA_c.-777C>T(R:21.34%),katG_p.Ser315Thr(R:77.81%),model(0.99)
Rifampicin	vmdm	ERR10225543	Resistant	0	NULL
Ethambutol	vmdm	ERR10225546	Susceptible	0	NULL
Isoniazid	vmdm	ERR10225546	Susceptible	0	NULL
Rifampicin	vmdm	ERR10225546	Susceptible	0	NULL
Rifampicin	vmdm	ERR10225549	Susceptible	0	NULL
Rifampicin	vmdm	ERR10225550	Susceptible	1	rpoB_p.Ser450Leu(R:64.40%),model(0.99)
Ethambutol	vmdm	ERR10225551	Susceptible	0	NULL
Isoniazid	vmdm	ERR10225551	Susceptible	0	NULL
Rifampicin	vmdm	ERR10225551	Susceptible	0	NULL
Ethambutol	vmdm	ERR10225553	Susceptible	0	NULL
Isoniazid	vmdm	ERR10225553	Susceptible	0	NULL
Rifampicin	vmdm	ERR10225553	Susceptible	0	NULL
