Drug	Method	QC	SeqTreat_sequence_outcome	n_records	n_lab_R	n_pred_R	TP	TN	FP	FN	Recall	Recall_CI_low	Recall_CI_high	Specificity	Precision	Precision_CI_low	Precision_CI_high	F1	NPV
Rifampicin	TB-Profiler	fail	Sequence failure	62	44	34	28	12	6	16	0.6363636363636364	0.48866107278891047	0.7621666587250857	0.6666666666666666	0.8235294117647058	0.6648593225994784	0.9165114439643031	0.717948717948718	0.42857142857142855
Rifampicin	VMDM	fail	Sequence failure	62	44	43	35	10	8	9	0.7954545454545454	0.6549913631816677	0.888468721765324	0.5555555555555556	0.813953488372093	0.6738270676469403	0.9025836441989402	0.8045977011494253	0.5263157894736842
Rifampicin	TB-Profiler	partial	Partial sequence	45	32	34	30	9	4	2	0.9375	0.7985253275199642	0.9826897968048427	0.6923076923076923	0.8823529411764706	0.7337882520370121	0.9532862902656388	0.9090909090909091	0.8181818181818182
Rifampicin	VMDM	partial	Partial sequence	45	32	34	30	9	4	2	0.9375	0.7985253275199642	0.9826897968048427	0.6923076923076923	0.8823529411764706	0.7337882520370121	0.9532862902656388	0.9090909090909091	0.8181818181818182
Rifampicin	TB-Profiler	pass	Complete sequence	617	459	477	454	135	23	5	0.9891067538126361	0.9747559059238956	0.9953383984774374	0.8544303797468354	0.9517819706498952	0.9286870935582994	0.9676579814102557	0.9700854700854701	0.9642857142857143
Rifampicin	VMDM	pass	Complete sequence	617	459	478	454	134	24	5	0.9891067538126361	0.9747559059238956	0.9953383984774374	0.8481012658227848	0.9497907949790795	0.9263788346933519	0.9660306210281964	0.9690501600853789	0.9640287769784173
Isoniazid	TB-Profiler	fail	Sequence failure	62	40	18	13	17	5	27	0.325	0.20084316962661725	0.4798254191110201	0.7727272727272727	0.7222222222222222	0.49126922453805477	0.8750043085364452	0.4482758620689655	0.38636363636363635
Isoniazid	VMDM	fail	Sequence failure	62	40	42	32	12	10	8	0.8	0.6524239261814333	0.8950013502683314	0.5454545454545454	0.7619047619047619	0.6147216491768113	0.8651917918898182	0.7804878048780488	0.6
Isoniazid	TB-Profiler	partial	Partial sequence	45	29	25	24	15	1	5	0.8275862068965517	0.6545119942718488	0.9240225472852007	0.9375	0.96	0.8045552759497747	0.9929039496133008	0.8888888888888888	0.75
Isoniazid	VMDM	partial	Partial sequence	45	29	30	27	13	3	2	0.9310344827586207	0.7803505240414808	0.9808791359020055	0.8125	0.9	0.7437855868473339	0.9654007400402839	0.9152542372881356	0.8666666666666667
Isoniazid	TB-Profiler	pass	Complete sequence	617	469	452	449	145	3	20	0.9573560767590619	0.9350528452138848	0.9722277324679437	0.9797297297297297	0.9933628318584071	0.9806697543920504	0.9977402897987389	0.9750271444082519	0.8787878787878788
Isoniazid	VMDM	pass	Complete sequence	617	469	464	456	140	8	13	0.9722814498933902	0.9531578048697062	0.9837309967924148	0.9459459459459459	0.9827586206896551	0.966350752727473	0.9912383116054123	0.977491961414791	0.9150326797385621
Ethambutol	TB-Profiler	fail	Sequence failure	62	26	18	13	31	5	13	0.5	0.32060306315002074	0.6793969368499793	0.8611111111111112	0.7222222222222222	0.49126922453805477	0.8750043085364452	0.5909090909090909	0.7045454545454546
Ethambutol	VMDM	fail	Sequence failure	62	26	32	18	22	14	8	0.6923076923076923	0.5001138848576876	0.8349887906020732	0.6111111111111112	0.5625	0.3932530203122613	0.7183491403055682	0.6206896551724138	0.7333333333333333
Ethambutol	TB-Profiler	partial	Partial sequence	45	21	23	19	20	4	2	0.9047619047619048	0.7108541613925933	0.9734817912030528	0.8333333333333334	0.8260869565217391	0.6286194521470433	0.9302145964938723	0.8636363636363636	0.9090909090909091
Ethambutol	VMDM	partial	Partial sequence	45	21	24	19	19	5	2	0.9047619047619048	0.7108541613925933	0.9734817912030528	0.7916666666666666	0.7916666666666666	0.5952915551476452	0.9075531089521192	0.8444444444444444	0.9047619047619048
Ethambutol	TB-Profiler	pass	Complete sequence	617	357	368	317	209	51	40	0.8879551820728291	0.8510185233167709	0.9166313263679662	0.8038461538461539	0.8614130434782609	0.8223621010153627	0.8929962666336578	0.8744827586206897	0.8393574297188755
Ethambutol	VMDM	pass	Complete sequence	617	357	377	320	203	57	37	0.896358543417367	0.8604080938493506	0.9238695504133954	0.7807692307692308	0.8488063660477454	0.8091367976366479	0.8814390218116477	0.8719346049046321	0.8458333333333333
Pyrazinamide	TB-Profiler	fail	Sequence failure	64	27	17	11	31	6	16	0.4074074074074074	0.24514513372857344	0.5927361694463591	0.8378378378378378	0.6470588235294118	0.4129996672121182	0.826905138560951	0.5	0.6595744680851063
Pyrazinamide	VMDM	fail	Sequence failure	64	27	28	16	25	12	11	0.5925925925925926	0.4072638305536409	0.7548548662714265	0.6756756756756757	0.5714285714285714	0.390704789856154	0.7349170381926877	0.5818181818181818	0.6944444444444444
Pyrazinamide	TB-Profiler	partial	Partial sequence	45	20	16	16	25	0	4	0.8	0.5839782779742401	0.9193436467288	1.0	1.0	0.8063865817272802	1.0	0.8888888888888888	0.8620689655172413
Pyrazinamide	VMDM	partial	Partial sequence	45	20	15	15	25	0	5	0.75	0.5312949900419365	0.888139947210597	1.0	1.0	0.7961107336956521	1.0	0.8571428571428571	0.8333333333333334
Pyrazinamide	TB-Profiler	pass	Complete sequence	617	337	292	280	268	12	57	0.8308605341246291	0.787158639306194	0.8671042206263964	0.9571428571428572	0.958904109589041	0.9295522925954849	0.9763378864733141	0.890302066772655	0.8246153846153846
Pyrazinamide	VMDM	pass	Complete sequence	617	337	306	286	260	20	51	0.8486646884272997	0.8064857181839328	0.8829841117898732	0.9285714285714286	0.934640522875817	0.9012080348378206	0.9572951487243608	0.8895800933125972	0.8360128617363344
