Method	Size	Name	CPUs	Time	Maxmem
mykrobe	r1000	ERR1035005	181.72	41.12	494188
mykrobe	r1000	ERR1035119	177.54	41.01	493944
mykrobe	r1000	ERR126630	101.45	37.15	494456
mykrobe	r1000	ERR176459	170.07	40.45	493536
mykrobe	r1000	ERR176635	92.39	36.91	493468
mykrobe	r1000	ERR181942	188.56	41.57	494604
mykrobe	r1000	ERR245709	132.99	38.57	492844
mykrobe	r1000	ERR245785	172.12	41.03	493944
mykrobe	r1000	SAMEA1016120	83.09	37.14	493996
mykrobe	r1000	SAMEA104302773	108.38	37.43	493492
mykrobe	r1000	SAMEA1101630	110.73	37.38	493572
mykrobe	r1000	SAMEA1102417	155.65	41.75	492972
mykrobe	r1000	SAMEA1117586	84.92	37.46	493772
mykrobe	r1000	SAMEA1118442	102.31	37.12	493288
mykrobe	r1000	SAMEA1119086	85.92	36.25	493804
mykrobe	r1000	SAMEA1119856	178.31	41.56	494988
mykrobe	r1000	SAMEA1403637	168.05	40.58	494276
mykrobe	r1000	SAMEA1403704	93.26	36.44	493844
mykrobe	r1000	SAMEA1403937	126.65	38.23	494248
mykrobe	r1000	SAMEA2533488	100.36	36.57	495652
mykrobe	r1000	SAMEA2533688	81.15	37.22	494268
mykrobe	r1000	SAMEA2534879	86.74	37.12	492644
mykrobe	r1000	SAMEA2709874	173.56	40.41	495040
mykrobe	r1000	SAMEA3220391	179.24	40.99	493984
mykrobe	r1000	SAMEA3305009	88.93	37.2	494176
mykrobe	r1000	SAMEA3443154	94.82	38.09	493420
mykrobe	r1000	SAMEA3445009	183.57	41.24	494776
mykrobe	r1000	SAMEA3450051	120.69	37.98	493448
mykrobe	r1000	SAMN01908851	90.32	37.21	494480
mykrobe	r1000	SAMN02381037	99.71	37.49	487672
mykrobe	r1000	SAMN02398716	90.94	36.54	493564
mykrobe	r1000	SAMN02567713	98.78	36.75	493548
mykrobe	r1000	SAMN03647507	116.76	37.97	496148
mykrobe	r1000	SAMN03647666	91.27	38	492664
mykrobe	r1000	SAMN03648643	173.47	40.62	495224
mykrobe	r1000	SAMN03648823	104.41	37.47	494044
mykrobe	r1000	SAMN03653278	170.1	40.74	493092
mykrobe	r1000	SAMN07236255	168.79	40.75	493652
mykrobe	r1000	SAMN07236287	87.83	37.19	494212
mykrobe	r1000	SAMN07236511	92.56	37.22	494628
mykrobe	r1000	SAMN07236514	126.04	38.59	494864
mykrobe	r1000	SAMN07658827	174.08	40.9	493144
mykrobe	r1000	SAMN07765925	101.39	36.98	493692
mykrobe	r1000	SAMN07766033	127.86	38.09	493892
mykrobe	r1000	SAMN07766169	100.36	37.02	493800
mykrobe	r1000	SAMN07766431	76.33	35.19	494120
mykrobe	r1000	SAMN08214826	118.88	38.12	495400
mykrobe	r1000	SAMN08215206	93.23	38.97	493064
mykrobe	r1000	SAMN09090461	124.27	37.9	494244
mykrobe	r1000	SRS797241	175.14	40.88	493652
mykrobe	r10000	ERR1035005	97.24	37.71	562680
mykrobe	r10000	ERR1035119	95.35	37.23	562892
mykrobe	r10000	ERR126630	122.78	37.79	564164
mykrobe	r10000	ERR176459	175.54	40.87	566316
mykrobe	r10000	ERR176635	88.31	37.48	563628
mykrobe	r10000	ERR181942	167.13	40.31	566012
mykrobe	r10000	ERR245709	91.7	36.37	562772
mykrobe	r10000	ERR245785	125.67	38.87	560996
mykrobe	r10000	SAMEA1016120	177.28	41.47	564200
mykrobe	r10000	SAMEA104302773	127.46	38.47	564708
mykrobe	r10000	SAMEA1101630	166.13	40.74	565968
mykrobe	r10000	SAMEA1102417	88.23	38.15	563588
mykrobe	r10000	SAMEA1117586	122.74	38.22	566840
mykrobe	r10000	SAMEA1118442	105.15	37.49	562048
mykrobe	r10000	SAMEA1119086	130.85	38.78	562336
mykrobe	r10000	SAMEA1119856	180.38	40.91	564396
mykrobe	r10000	SAMEA1403637	76.79	35.63	562924
mykrobe	r10000	SAMEA1403704	102.77	37.31	565124
mykrobe	r10000	SAMEA1403937	92.17	36.91	564676
mykrobe	r10000	SAMEA2533488	96.6	37.65	566824
mykrobe	r10000	SAMEA2533688	121.64	38.17	563584
mykrobe	r10000	SAMEA2534879	104.69	37.58	564360
mykrobe	r10000	SAMEA2709874	109.02	38.44	566452
mykrobe	r10000	SAMEA3220391	177.85	41.1	563820
mykrobe	r10000	SAMEA3305009	102.56	37.67	562660
mykrobe	r10000	SAMEA3443154	120.33	39.95	565116
mykrobe	r10000	SAMEA3445009	169.63	41.08	564440
mykrobe	r10000	SAMEA3450051	132.01	38.78	564804
mykrobe	r10000	SAMN01908851	174.22	40.63	565728
mykrobe	r10000	SAMN02381037	102.8	37.17	525416
mykrobe	r10000	SAMN02398716	183.79	41.01	560196
mykrobe	r10000	SAMN02567713	169.23	40.67	561948
mykrobe	r10000	SAMN03647507	173.84	41.3	567124
mykrobe	r10000	SAMN03647666	183.38	42.55	561984
mykrobe	r10000	SAMN03648643	93.3	37.08	565456
mykrobe	r10000	SAMN03648823	104.19	39.21	564172
mykrobe	r10000	SAMN03653278	119.25	38	559056
mykrobe	r10000	SAMN07236255	179.46	41.01	563036
mykrobe	r10000	SAMN07236287	89.55	36.7	565948
mykrobe	r10000	SAMN07236511	117.16	38.08	563964
mykrobe	r10000	SAMN07236514	122.15	37.96	564484
mykrobe	r10000	SAMN07658827	103.62	37.21	562440
mykrobe	r10000	SAMN07765925	103.25	37.69	564852
mykrobe	r10000	SAMN07766033	167.66	40.55	563212
mykrobe	r10000	SAMN07766169	85.98	36.39	566224
mykrobe	r10000	SAMN07766431	172.54	42.26	565780
mykrobe	r10000	SAMN08214826	106.41	38.2	566552
mykrobe	r10000	SAMN08215206	92.78	36.78	562692
mykrobe	r10000	SAMN09090461	123.51	38.02	562764
mykrobe	r10000	SRS797241	83.32	36.42	560848
mykrobe	r100000	ERR1035005	344.01	60.35	1059392
mykrobe	r100000	ERR1035119	130.29	47.03	668896
mykrobe	r100000	ERR126630	181.04	48.88	669108
mykrobe	r100000	ERR176459	111.87	45.37	669016
mykrobe	r100000	ERR176635	102.39	45.22	668900
mykrobe	r100000	ERR181942	114.99	46.07	669192
mykrobe	r100000	ERR245709	159.82	48.15	668312
mykrobe	r100000	ERR245785	107.05	45.32	668824
mykrobe	r100000	SAMEA1016120	177.74	48.89	669264
mykrobe	r100000	SAMEA104302773	163.75	50.07	668676
mykrobe	r100000	SAMEA1101630	135.09	47.92	669004
mykrobe	r100000	SAMEA1102417	112.92	46.38	668644
mykrobe	r100000	SAMEA1117586	158.75	52.27	668916
mykrobe	r100000	SAMEA1118442	164.42	48.55	668492
mykrobe	r100000	SAMEA1119086	93.77	44.82	668900
mykrobe	r100000	SAMEA1119856	102.84	44.64	668612
mykrobe	r100000	SAMEA1403637	150.52	54.13	668748
mykrobe	r100000	SAMEA1403704	137.16	46.62	668928
mykrobe	r100000	SAMEA1403937	116.29	45.41	669180
mykrobe	r100000	SAMEA2533488	117.2	45.53	669044
mykrobe	r100000	SAMEA2533688	129.95	46.04	668608
mykrobe	r100000	SAMEA2534879	183.69	48.81	668700
mykrobe	r100000	SAMEA2709874	190.66	49.47	668716
mykrobe	r100000	SAMEA3220391	94.93	44.08	668460
mykrobe	r100000	SAMEA3305009	100.27	44.84	668900
mykrobe	r100000	SAMEA3443154	132.28	45.74	668772
mykrobe	r100000	SAMEA3445009	116.12	45.08	669124
mykrobe	r100000	SAMEA3450051	114.03	45.13	668968
mykrobe	r100000	SAMN01908851	113.21	44.89	669028
mykrobe	r100000	SAMN02381037	189.27	48.66	652176
mykrobe	r100000	SAMN02398716	138.43	46.81	668276
mykrobe	r100000	SAMN02567713	132.76	46.66	666832
mykrobe	r100000	SAMN03647507	187.78	50.03	669508
mykrobe	r100000	SAMN03647666	185.15	49.49	669380
mykrobe	r100000	SAMN03648643	139.04	46.62	668692
mykrobe	r100000	SAMN03648823	105.12	44.42	668980
mykrobe	r100000	SAMN03653278	185.16	49.04	667892
mykrobe	r100000	SAMN07236255	134.89	46.36	668640
mykrobe	r100000	SAMN07236287	103.48	44.46	668612
mykrobe	r100000	SAMN07236511	115.03	45.27	669040
mykrobe	r100000	SAMN07236514	120.99	44.77	668852
mykrobe	r100000	SAMN07658827	90.03	44.68	668628
mykrobe	r100000	SAMN07765925	177.36	49.81	669124
mykrobe	r100000	SAMN07766033	191.7	50.74	669020
mykrobe	r100000	SAMN07766169	152.18	49.6	669196
mykrobe	r100000	SAMN07766431	120.74	49.16	668744
mykrobe	r100000	SAMN08214826	111.5	45.44	668920
mykrobe	r100000	SAMN08215206	182.61	51.37	668096
mykrobe	r100000	SAMN09090461	114.72	45.6	668508
mykrobe	r100000	SRS797241	177.32	49.94	668228
mykrobe	r1000000	ERR1035005	130.69	53.25	671964
mykrobe	r1000000	ERR1035119	130.19	53.31	672116
mykrobe	r1000000	ERR126630	177.47	56.09	671788
mykrobe	r1000000	ERR176459	168.41	55.24	671956
mykrobe	r1000000	ERR176635	212.97	58.66	671916
mykrobe	r1000000	ERR181942	211.73	57.08	671848
mykrobe	r1000000	ERR245709	164.92	54.69	672060
mykrobe	r1000000	ERR245785	161.18	57.38	671836
mykrobe	r1000000	SAMEA1016120	157.7	56.8	671872
mykrobe	r1000000	SAMEA104302773	123.92	52.65	671788
mykrobe	r1000000	SAMEA1101630	195.34	57.51	672040
mykrobe	r1000000	SAMEA1102417	129.18	55.33	671832
mykrobe	r1000000	SAMEA1117586	160.58	58.4	671916
mykrobe	r1000000	SAMEA1118442	168.41	59.27	672064
mykrobe	r1000000	SAMEA1119086	128.37	55.07	671788
mykrobe	r1000000	SAMEA1119856	118.08	55.88	672012
mykrobe	r1000000	SAMEA1403637	213.29	60.5	671896
mykrobe	r1000000	SAMEA1403704	178.01	58.1	671888
mykrobe	r1000000	SAMEA1403937	123.41	53.38	672016
mykrobe	r1000000	SAMEA2533488	180.64	55.63	671860
mykrobe	r1000000	SAMEA2533688	124.37	54.13	672148
mykrobe	r1000000	SAMEA2534879	149.78	57.01	671964
mykrobe	r1000000	SAMEA2709874	119.94	52.03	671824
mykrobe	r1000000	SAMEA3220391	148.91	55.32	671992
mykrobe	r1000000	SAMEA3305009	191.92	56.16	672004
mykrobe	r1000000	SAMEA3443154	130.24	55.28	672036
mykrobe	r1000000	SAMEA3445009	123.44	53.22	671908
mykrobe	r1000000	SAMEA3450051	162.82	55.47	672120
mykrobe	r1000000	SAMN01908851	120.42	52.71	671788
mykrobe	r1000000	SAMN02381037	161.22	52.96	671928
mykrobe	r1000000	SAMN02398716	188.53	59.52	671956
mykrobe	r1000000	SAMN02567713	155.32	54.05	671868
mykrobe	r1000000	SAMN03647507	150.78	57.55	671952
mykrobe	r1000000	SAMN03647666	172.89	60.57	671976
mykrobe	r1000000	SAMN03648643	121.74	50.11	672056
mykrobe	r1000000	SAMN03648823	129.24	51.42	671956
mykrobe	r1000000	SAMN03653278	149.19	53.73	672152
mykrobe	r1000000	SAMN07236255	143.98	53.88	672004
mykrobe	r1000000	SAMN07236287	141.21	52.69	672032
mykrobe	r1000000	SAMN07236511	140.37	53.06	671876
mykrobe	r1000000	SAMN07236514	206.1	57.14	671864
mykrobe	r1000000	SAMN07658827	128.19	52.85	671792
mykrobe	r1000000	SAMN07765925	139.07	52.91	671940
mykrobe	r1000000	SAMN07766033	228.43	59.01	672132
mykrobe	r1000000	SAMN07766169	122.11	52.83	672076
mykrobe	r1000000	SAMN07766431	209.46	58.34	671872
mykrobe	r1000000	SAMN08214826	124.95	53.47	672092
mykrobe	r1000000	SAMN08215206	146.73	55.21	672196
mykrobe	r1000000	SAMN09090461	211.75	58.33	671924
mykrobe	r1000000	SRS797241	208.04	57.62	672004
mykrobe	r500	ERR1035005	122.52	38.01	488976
mykrobe	r500	ERR1035119	118.94	37.7	489468
mykrobe	r500	ERR126630	120.95	39.8	489188
mykrobe	r500	ERR176459	95.77	36.66	488964
mykrobe	r500	ERR176635	92.67	37.68	488260
mykrobe	r500	ERR181942	74.92	35.98	488908
mykrobe	r500	ERR245709	174.44	40.71	488424
mykrobe	r500	ERR245785	102.67	37.55	489136
mykrobe	r500	SAMEA1016120	97.35	36.73	488992
mykrobe	r500	SAMEA104302773	104.09	37.05	488576
mykrobe	r500	SAMEA1101630	79.68	35.03	488952
mykrobe	r500	SAMEA1102417	157.95	40.13	488804
mykrobe	r500	SAMEA1117586	100.78	37.33	488396
mykrobe	r500	SAMEA1118442	94.48	36.8	488792
mykrobe	r500	SAMEA1119086	175.73	40.81	488872
mykrobe	r500	SAMEA1119856	169.92	41.18	489128
mykrobe	r500	SAMEA1403637	73.45	35.74	489076
mykrobe	r500	SAMEA1403704	92.54	37.39	489272
mykrobe	r500	SAMEA1403937	164.18	40.97	489100
mykrobe	r500	SAMEA2533488	111.83	37.64	489516
mykrobe	r500	SAMEA2533688	119.84	37.95	488412
mykrobe	r500	SAMEA2534879	87.5	36.77	488608
mykrobe	r500	SAMEA2709874	73.5	34.94	489524
mykrobe	r500	SAMEA3220391	71.41	34.84	488116
mykrobe	r500	SAMEA3305009	99.33	36.53	488764
mykrobe	r500	SAMEA3443154	95.44	37.43	488400
mykrobe	r500	SAMEA3445009	114.4	38.06	488884
mykrobe	r500	SAMEA3450051	120.7	38.34	489028
mykrobe	r500	SAMN01908851	82.4	35.73	489448
mykrobe	r500	SAMN02381037	74.58	34.91	485296
mykrobe	r500	SAMN02398716	144.97	39.78	488500
mykrobe	r500	SAMN02567713	84.77	36.8	488752
mykrobe	r500	SAMN03647507	76.33	35.08	489380
mykrobe	r500	SAMN03647666	171.08	40.74	488788
mykrobe	r500	SAMN03648643	122.81	38.27	489456
mykrobe	r500	SAMN03648823	76.3	36.09	488584
mykrobe	r500	SAMN03653278	122.88	38.76	488644
mykrobe	r500	SAMN07236255	116.47	37.65	488248
mykrobe	r500	SAMN07236287	105.76	37.32	488416
mykrobe	r500	SAMN07236511	79.2	36.37	489112
mykrobe	r500	SAMN07236514	171.17	41.27	489964
mykrobe	r500	SAMN07658827	123.18	38.34	488160
mykrobe	r500	SAMN07765925	100.61	36.42	488680
mykrobe	r500	SAMN07766033	84.97	35.59	488760
mykrobe	r500	SAMN07766169	159.71	41.06	489336
mykrobe	r500	SAMN07766431	121.86	37.46	489232
mykrobe	r500	SAMN08214826	125.41	38.75	489452
mykrobe	r500	SAMN08215206	165.25	41.68	487948
mykrobe	r500	SAMN09090461	124.31	38.32	489156
mykrobe	r500	SRS797241	90.04	37.04	488944
mykrobe	r5000	ERR1035005	170.59	40.83	528344
mykrobe	r5000	ERR1035119	78.12	36.05	529060
mykrobe	r5000	ERR126630	163.65	41.3	531612
mykrobe	r5000	ERR176459	79.49	36.24	531336
mykrobe	r5000	ERR176635	101.87	36.78	529356
mykrobe	r5000	ERR181942	108.6	37.92	531028
mykrobe	r5000	ERR245709	179.05	41.39	528040
mykrobe	r5000	ERR245785	128.07	38.8	528448
mykrobe	r5000	SAMEA1016120	132.59	38.99	532508
mykrobe	r5000	SAMEA104302773	183.3	41.44	530032
mykrobe	r5000	SAMEA1101630	170.37	41.14	532440
mykrobe	r5000	SAMEA1102417	180.58	41.4	530968
mykrobe	r5000	SAMEA1117586	186.32	41.44	532860
mykrobe	r5000	SAMEA1118442	125.68	38.79	528180
mykrobe	r5000	SAMEA1119086	117.25	38.18	528824
mykrobe	r5000	SAMEA1119856	93.98	37.13	531188
mykrobe	r5000	SAMEA1403637	147.37	40.56	528164
mykrobe	r5000	SAMEA1403704	75.88	36.25	531240
mykrobe	r5000	SAMEA1403937	101.15	37.29	530328
mykrobe	r5000	SAMEA2533488	124.4	38.56	532380
mykrobe	r5000	SAMEA2533688	122.82	38.55	528920
mykrobe	r5000	SAMEA2534879	110.8	37.66	529676
mykrobe	r5000	SAMEA2709874	154.65	40.39	532176
mykrobe	r5000	SAMEA3220391	155.21	41.87	531068
mykrobe	r5000	SAMEA3305009	121.45	38.26	529532
mykrobe	r5000	SAMEA3443154	69.1	35.34	529780
mykrobe	r5000	SAMEA3445009	161.7	40.81	531312
mykrobe	r5000	SAMEA3450051	176.56	40.79	529832
mykrobe	r5000	SAMN01908851	100.02	36.91	531608
mykrobe	r5000	SAMN02381037	76.77	36.17	505480
mykrobe	r5000	SAMN02398716	71.46	36.12	527604
mykrobe	r5000	SAMN02567713	103.77	36.84	529684
mykrobe	r5000	SAMN03647507	108	37.62	532144
mykrobe	r5000	SAMN03647666	102.82	37.67	529648
mykrobe	r5000	SAMN03648643	120.96	38.44	532304
mykrobe	r5000	SAMN03648823	80.3	35.56	529896
mykrobe	r5000	SAMN03653278	112.74	37.98	527568
mykrobe	r5000	SAMN07236255	172.85	41	529820
mykrobe	r5000	SAMN07236287	99.71	37.43	531016
mykrobe	r5000	SAMN07236511	75.7	37.18	529380
mykrobe	r5000	SAMN07236514	185.66	41.79	529628
mykrobe	r5000	SAMN07658827	117.16	38.22	528412
mykrobe	r5000	SAMN07765925	120.78	39.66	530584
mykrobe	r5000	SAMN07766033	76.05	35.56	528968
mykrobe	r5000	SAMN07766169	173.01	40.99	530760
mykrobe	r5000	SAMN07766431	101.86	37.97	530912
mykrobe	r5000	SAMN08214826	92.28	37.53	531260
mykrobe	r5000	SAMN08215206	109.55	38.82	528152
mykrobe	r5000	SAMN09090461	133.07	38.81	529916
mykrobe	r5000	SRS797241	89.21	36.62	527316
mykrobe	r50000	ERR1035005	112.07	45.6	653236
mykrobe	r50000	ERR1035119	169.58	41.73	654724
mykrobe	r50000	ERR126630	97.39	45.78	656360
mykrobe	r50000	ERR176459	83.74	43.3	655704
mykrobe	r50000	ERR176635	114.64	44.61	655420
mykrobe	r50000	ERR181942	113.47	45.72	656128
mykrobe	r50000	ERR245709	174.64	48.52	654080
mykrobe	r50000	ERR245785	108.29	45.13	653704
mykrobe	r50000	SAMEA1016120	101.47	45.34	655984
mykrobe	r50000	SAMEA104302773	104.74	45.21	654712
mykrobe	r50000	SAMEA1101630	135.17	46.45	654840
mykrobe	r50000	SAMEA1102417	132.75	46.75	654776
mykrobe	r50000	SAMEA1117586	170.51	48.92	655444
mykrobe	r50000	SAMEA1118442	184.19	50.18	654496
mykrobe	r50000	SAMEA1119086	143.24	46.64	654812
mykrobe	r50000	SAMEA1119856	135.45	45.64	654768
mykrobe	r50000	SAMEA1403637	111.27	44.85	655280
mykrobe	r50000	SAMEA1403704	109.57	44.62	655668
mykrobe	r50000	SAMEA1403937	134.61	47.32	656108
mykrobe	r50000	SAMEA2533488	127.96	46.43	656292
mykrobe	r50000	SAMEA2533688	115.22	45.19	654804
mykrobe	r50000	SAMEA2534879	120.33	45.58	654900
mykrobe	r50000	SAMEA2709874	128.72	45.77	654744
mykrobe	r50000	SAMEA3220391	109.98	45.01	654980
mykrobe	r50000	SAMEA3305009	111.39	45.26	654480
mykrobe	r50000	SAMEA3443154	109.19	44.3	654936
mykrobe	r50000	SAMEA3445009	91.7	43.14	655840
mykrobe	r50000	SAMEA3450051	128.7	45.78	656084
mykrobe	r50000	SAMN01908851	86.6	43.37	655824
mykrobe	r50000	SAMN02381037	181.59	42.6	615924
mykrobe	r50000	SAMN02398716	180.84	48.04	653248
mykrobe	r50000	SAMN02567713	185.51	48.71	650756
mykrobe	r50000	SAMN03647507	94.59	43.91	655972
mykrobe	r50000	SAMN03647666	194.64	49.11	655776
mykrobe	r50000	SAMN03648643	115.94	45.2	655164
mykrobe	r50000	SAMN03648823	176.05	48.73	655596
mykrobe	r50000	SAMN03653278	113.31	45.6	651692
mykrobe	r50000	SAMN07236255	192.27	49.15	654208
mykrobe	r50000	SAMN07236287	131.13	46.62	655276
mykrobe	r50000	SAMN07236511	114.66	44.77	655312
mykrobe	r50000	SAMN07236514	112.42	44.73	654996
mykrobe	r50000	SAMN07658827	104.86	44.33	654136
mykrobe	r50000	SAMN07765925	92.72	43.56	656164
mykrobe	r50000	SAMN07766033	111.86	44.5	655812
mykrobe	r50000	SAMN07766169	185.31	50.81	656340
mykrobe	r50000	SAMN07766431	130.14	45.8	656016
mykrobe	r50000	SAMN08214826	113.42	44.77	655760
mykrobe	r50000	SAMN08215206	127.8	46.71	652704
mykrobe	r50000	SAMN09090461	116.14	44.84	655004
mykrobe	r50000	SRS797241	114.72	45.16	653672
mykrobe	r500000	ERR1035005	114.66	48.02	671980
mykrobe	r500000	ERR1035119	103.33	47.32	671780
mykrobe	r500000	ERR126630	120.06	49.53	672032
mykrobe	r500000	ERR176459	113.14	48.08	671808
mykrobe	r500000	ERR176635	128.57	49.51	672196
mykrobe	r500000	ERR181942	127.78	50.28	671736
mykrobe	r500000	ERR245709	146.99	51.67	671828
mykrobe	r500000	ERR245785	120.56	49.38	671972
mykrobe	r500000	SAMEA1016120	121.88	50.39	672024
mykrobe	r500000	SAMEA104302773	162.95	52.32	671804
mykrobe	r500000	SAMEA1101630	167.29	52.36	671860
mykrobe	r500000	SAMEA1102417	163.87	52.1	671840
mykrobe	r500000	SAMEA1117586	125.31	50.81	671864
mykrobe	r500000	SAMEA1118442	180.89	52.08	671904
mykrobe	r500000	SAMEA1119086	107.66	49.74	671996
mykrobe	r500000	SAMEA1119856	128.86	50.71	671884
mykrobe	r500000	SAMEA1403637	107.7	49.09	671944
mykrobe	r500000	SAMEA1403704	182.55	52.56	671836
mykrobe	r500000	SAMEA1403937	180.18	52.59	671896
mykrobe	r500000	SAMEA2533488	118.11	49.23	672004
mykrobe	r500000	SAMEA2533688	182.93	54.05	671964
mykrobe	r500000	SAMEA2534879	180.82	52.17	671808
mykrobe	r500000	SAMEA2709874	114.49	49.14	671816
mykrobe	r500000	SAMEA3220391	133.36	50.15	672024
mykrobe	r500000	SAMEA3305009	122.6	49.75	672048
mykrobe	r500000	SAMEA3443154	99.94	46.68	671976
mykrobe	r500000	SAMEA3445009	104.19	47.4	672000
mykrobe	r500000	SAMEA3450051	143.04	51.05	671908
mykrobe	r500000	SAMN01908851	190.52	52.51	671968
mykrobe	r500000	SAMN02381037	93.08	46.23	671700
mykrobe	r500000	SAMN02398716	126.05	48.42	671976
mykrobe	r500000	SAMN02567713	195.46	50.86	672008
mykrobe	r500000	SAMN03647507	112.88	48.3	672052
mykrobe	r500000	SAMN03647666	126.57	49.56	671952
mykrobe	r500000	SAMN03648643	180.22	54.59	671952
mykrobe	r500000	SAMN03648823	177.93	52.23	671980
mykrobe	r500000	SAMN03653278	190	52.46	671892
mykrobe	r500000	SAMN07236255	114.74	49.25	671956
mykrobe	r500000	SAMN07236287	120.72	48.43	671896
mykrobe	r500000	SAMN07236511	114.7	48.25	672020
mykrobe	r500000	SAMN07236514	140.43	49.4	672092
mykrobe	r500000	SAMN07658827	180.25	53.19	671864
mykrobe	r500000	SAMN07765925	115.51	49.35	671868
mykrobe	r500000	SAMN07766033	125.55	48.06	671928
mykrobe	r500000	SAMN07766169	101.11	48.19	671864
mykrobe	r500000	SAMN07766431	148.58	49.58	671828
mykrobe	r500000	SAMN08214826	126.47	48.53	671928
mykrobe	r500000	SAMN08215206	148.88	49.95	671820
mykrobe	r500000	SAMN09090461	106.06	48.67	671920
mykrobe	r500000	SRS797241	174.28	52.98	672096
tb_profiler	r1000	ERR1035005	46.39	3.66	74600
tb_profiler	r1000	ERR1035119	46.31	3.65	76172
tb_profiler	r1000	ERR126630	44.62	3.63	76488
tb_profiler	r1000	ERR176459	44.11	3.71	76124
tb_profiler	r1000	ERR176635	47.21	3.72	76632
tb_profiler	r1000	ERR181942	44.57	3.54	74332
tb_profiler	r1000	ERR245709	46.39	3.64	76156
tb_profiler	r1000	ERR245785	44.8	3.52	76008
tb_profiler	r1000	SAMEA1016120	46.82	4.02	76272
tb_profiler	r1000	SAMEA104302773	44.92	3.63	74620
tb_profiler	r1000	SAMEA1101630	44.36	3.56	76520
tb_profiler	r1000	SAMEA1102417	47.03	4.05	76612
tb_profiler	r1000	SAMEA1117586	47.88	3.76	74472
tb_profiler	r1000	SAMEA1118442	43.74	3.77	76436
tb_profiler	r1000	SAMEA1119086	43.48	3.64	76476
tb_profiler	r1000	SAMEA1119856	45.89	3.56	73940
tb_profiler	r1000	SAMEA1403637	46.95	3.92	76168
tb_profiler	r1000	SAMEA1403704	42.61	3.52	76640
tb_profiler	r1000	SAMEA1403937	48.24	3.73	74500
tb_profiler	r1000	SAMEA2533488	45.2	3.54	76812
tb_profiler	r1000	SAMEA2533688	46.61	3.86	76656
tb_profiler	r1000	SAMEA2534879	46.86	3.73	74364
tb_profiler	r1000	SAMEA2709874	44.51	3.51	73828
tb_profiler	r1000	SAMEA3220391	47.99	3.66	76652
tb_profiler	r1000	SAMEA3305009	44.99	3.61	75972
tb_profiler	r1000	SAMEA3443154	45.67	3.63	74504
tb_profiler	r1000	SAMEA3445009	46.35	3.69	76248
tb_profiler	r1000	SAMEA3450051	45.66	3.67	76172
tb_profiler	r1000	SAMN01908851	47.48	3.82	76612
tb_profiler	r1000	SAMN02381037	45.83	3.73	76768
tb_profiler	r1000	SAMN02398716	47.62	3.73	76684
tb_profiler	r1000	SAMN02567713	45.13	3.6	76828
tb_profiler	r1000	SAMN03647507	45.53	3.59	75808
tb_profiler	r1000	SAMN03647666	48.79	3.96	76708
tb_profiler	r1000	SAMN03648643	45.05	3.63	76724
tb_profiler	r1000	SAMN03648823	45.65	3.61	76704
tb_profiler	r1000	SAMN03653278	45.76	3.64	76724
tb_profiler	r1000	SAMN07236255	43.02	3.54	76364
tb_profiler	r1000	SAMN07236287	45.6	3.67	74540
tb_profiler	r1000	SAMN07236511	46.78	3.69	74344
tb_profiler	r1000	SAMN07236514	46.03	3.64	74580
tb_profiler	r1000	SAMN07658827	47.1	3.82	74440
tb_profiler	r1000	SAMN07765925	45.04	3.55	76752
tb_profiler	r1000	SAMN07766033	44.37	3.57	74432
tb_profiler	r1000	SAMN07766169	47.03	3.7	76684
tb_profiler	r1000	SAMN07766431	43.49	3.85	74608
tb_profiler	r1000	SAMN08214826	46.7	3.99	74480
tb_profiler	r1000	SAMN08215206	43.48	3.64	76488
tb_profiler	r1000	SAMN09090461	47.48	3.67	76644
tb_profiler	r1000	SRS797241	49.33	3.76	74580
tb_profiler	r10000	ERR1035005	42.32	3.95	76936
tb_profiler	r10000	ERR1035119	44.95	3.87	76764
tb_profiler	r10000	ERR126630	48.83	3.9	74372
tb_profiler	r10000	ERR176459	45.7	3.94	76148
tb_profiler	r10000	ERR176635	49.17	4.12	75984
tb_profiler	r10000	ERR181942	49.85	4.05	76092
tb_profiler	r10000	ERR245709	49.46	4.01	76328
tb_profiler	r10000	ERR245785	47.56	3.85	74344
tb_profiler	r10000	SAMEA1016120	47.66	3.98	76068
tb_profiler	r10000	SAMEA104302773	46.97	3.82	74616
tb_profiler	r10000	SAMEA1101630	46	3.79	74644
tb_profiler	r10000	SAMEA1102417	48.3	3.99	76196
tb_profiler	r10000	SAMEA1117586	47.37	3.78	76060
tb_profiler	r10000	SAMEA1118442	48.07	3.87	76468
tb_profiler	r10000	SAMEA1119086	50.85	4.31	75936
tb_profiler	r10000	SAMEA1119856	50.69	3.99	74184
tb_profiler	r10000	SAMEA1403637	48.71	3.88	76072
tb_profiler	r10000	SAMEA1403704	45.21	3.8	74268
tb_profiler	r10000	SAMEA1403937	45.39	3.81	74348
tb_profiler	r10000	SAMEA2533488	49.58	3.97	76008
tb_profiler	r10000	SAMEA2533688	48.14	3.86	75900
tb_profiler	r10000	SAMEA2534879	48.09	3.97	76368
tb_profiler	r10000	SAMEA2709874	46.54	3.97	76404
tb_profiler	r10000	SAMEA3220391	48.69	3.97	76400
tb_profiler	r10000	SAMEA3305009	48.34	3.95	76560
tb_profiler	r10000	SAMEA3443154	48.43	3.99	76072
tb_profiler	r10000	SAMEA3445009	48.3	3.9	76432
tb_profiler	r10000	SAMEA3450051	48.58	3.84	74292
tb_profiler	r10000	SAMN01908851	48.51	4	76016
tb_profiler	r10000	SAMN02381037	48.49	4.08	74428
tb_profiler	r10000	SAMN02398716	47.3	3.97	76176
tb_profiler	r10000	SAMN02567713	44.08	3.86	76184
tb_profiler	r10000	SAMN03647507	48.91	4.09	74428
tb_profiler	r10000	SAMN03647666	48.89	3.89	74260
tb_profiler	r10000	SAMN03648643	45.99	3.76	76180
tb_profiler	r10000	SAMN03648823	45.28	3.8	74696
tb_profiler	r10000	SAMN03653278	47.84	3.81	76092
tb_profiler	r10000	SAMN07236255	46.58	3.83	74512
tb_profiler	r10000	SAMN07236287	45.66	3.75	74580
tb_profiler	r10000	SAMN07236511	47.39	3.85	74512
tb_profiler	r10000	SAMN07236514	47.96	3.92	76500
tb_profiler	r10000	SAMN07658827	46.4	3.78	74464
tb_profiler	r10000	SAMN07765925	50.41	4.36	76144
tb_profiler	r10000	SAMN07766033	45.96	3.84	74532
tb_profiler	r10000	SAMN07766169	47.47	3.87	74564
tb_profiler	r10000	SAMN07766431	45.05	4.05	74260
tb_profiler	r10000	SAMN08214826	49.52	3.91	74648
tb_profiler	r10000	SAMN08215206	47.7	3.82	76704
tb_profiler	r10000	SAMN09090461	49.53	3.89	74488
tb_profiler	r10000	SRS797241	50.82	4.48	74300
tb_profiler	r100000	ERR1035005	52.55	4.52	244612
tb_profiler	r100000	ERR1035119	57.66	5.36	259648
tb_profiler	r100000	ERR126630	54.66	4.81	254048
tb_profiler	r100000	ERR176459	51.37	4.74	240856
tb_profiler	r100000	ERR176635	56.18	4.87	243932
tb_profiler	r100000	ERR181942	52.64	4.66	237820
tb_profiler	r100000	ERR245709	56.57	4.78	243312
tb_profiler	r100000	ERR245785	52.73	4.72	229232
tb_profiler	r100000	SAMEA1016120	53.53	4.73	202040
tb_profiler	r100000	SAMEA104302773	58.96	5.19	212160
tb_profiler	r100000	SAMEA1101630	50.17	4.7	248300
tb_profiler	r100000	SAMEA1102417	55.49	4.97	219028
tb_profiler	r100000	SAMEA1117586	54.02	4.89	248328
tb_profiler	r100000	SAMEA1118442	49.77	5.06	227496
tb_profiler	r100000	SAMEA1119086	52.06	4.98	237260
tb_profiler	r100000	SAMEA1119856	60.67	5.26	253556
tb_profiler	r100000	SAMEA1403637	56.98	5.11	240440
tb_profiler	r100000	SAMEA1403704	51.98	4.69	236128
tb_profiler	r100000	SAMEA1403937	53.47	4.67	240804
tb_profiler	r100000	SAMEA2533488	53.08	4.65	244568
tb_profiler	r100000	SAMEA2533688	55.75	4.81	256476
tb_profiler	r100000	SAMEA2534879	55.9	4.84	257368
tb_profiler	r100000	SAMEA2709874	58.94	4.74	242804
tb_profiler	r100000	SAMEA3220391	59.38	4.87	243204
tb_profiler	r100000	SAMEA3305009	55.07	5.1	218480
tb_profiler	r100000	SAMEA3443154	54.55	4.61	244016
tb_profiler	r100000	SAMEA3445009	57.82	4.74	248076
tb_profiler	r100000	SAMEA3450051	55.9	4.91	239132
tb_profiler	r100000	SAMN01908851	52.34	4.47	238848
tb_profiler	r100000	SAMN02381037	57.03	4.73	233624
tb_profiler	r100000	SAMN02398716	51.65	4.59	235176
tb_profiler	r100000	SAMN02567713	50.35	4.52	228188
tb_profiler	r100000	SAMN03647507	55.82	4.89	246916
tb_profiler	r100000	SAMN03647666	54.93	4.9	238604
tb_profiler	r100000	SAMN03648643	53.72	4.59	226856
tb_profiler	r100000	SAMN03648823	56.58	4.66	239776
tb_profiler	r100000	SAMN03653278	52.2	4.76	230992
tb_profiler	r100000	SAMN07236255	53.53	4.51	217920
tb_profiler	r100000	SAMN07236287	51.7	4.41	211308
tb_profiler	r100000	SAMN07236511	54.42	4.67	226388
tb_profiler	r100000	SAMN07236514	53.37	4.5	222152
tb_profiler	r100000	SAMN07658827	53.69	4.56	231384
tb_profiler	r100000	SAMN07765925	50.37	5.14	258236
tb_profiler	r100000	SAMN07766033	51.12	4.76	193380
tb_profiler	r100000	SAMN07766169	55.16	5.15	197560
tb_profiler	r100000	SAMN07766431	57.41	4.98	203688
tb_profiler	r100000	SAMN08214826	49.11	4.58	234620
tb_profiler	r100000	SAMN08215206	47.86	4.62	197964
tb_profiler	r100000	SAMN09090461	51.07	4.69	228960
tb_profiler	r100000	SRS797241	47.89	4.47	222580
tb_profiler	r1000000	ERR1035005	78.38	10.26	515364
tb_profiler	r1000000	ERR1035119	82.96	11.01	563252
tb_profiler	r1000000	ERR126630	85.3	11.6	560520
tb_profiler	r1000000	ERR176459	89.59	11.31	550860
tb_profiler	r1000000	ERR176635	86.12	11.25	556564
tb_profiler	r1000000	ERR181942	82.35	11.04	554828
tb_profiler	r1000000	ERR245709	79.37	10.15	471252
tb_profiler	r1000000	ERR245785	75.7	9.96	491492
tb_profiler	r1000000	SAMEA1016120	83.36	11.06	558820
tb_profiler	r1000000	SAMEA104302773	83.83	10.62	551340
tb_profiler	r1000000	SAMEA1101630	85.78	10.57	564640
tb_profiler	r1000000	SAMEA1102417	83.47	10.39	538380
tb_profiler	r1000000	SAMEA1117586	80.64	10.05	576344
tb_profiler	r1000000	SAMEA1118442	71.33	10.45	544836
tb_profiler	r1000000	SAMEA1119086	80.76	10.4	553372
tb_profiler	r1000000	SAMEA1119856	81.93	10.53	557604
tb_profiler	r1000000	SAMEA1403637	81.62	11.93	550896
tb_profiler	r1000000	SAMEA1403704	77.28	11.63	553176
tb_profiler	r1000000	SAMEA1403937	77.68	12.75	549464
tb_profiler	r1000000	SAMEA2533488	71.33	9.18	427808
tb_profiler	r1000000	SAMEA2533688	75.76	11.05	548232
tb_profiler	r1000000	SAMEA2534879	77.23	11.85	555124
tb_profiler	r1000000	SAMEA2709874	67.79	8.6	391016
tb_profiler	r1000000	SAMEA3220391	77.15	9.29	522524
tb_profiler	r1000000	SAMEA3305009	72.25	8.62	473840
tb_profiler	r1000000	SAMEA3443154	85.51	10.52	573284
tb_profiler	r1000000	SAMEA3445009	83.65	10.62	573420
tb_profiler	r1000000	SAMEA3450051	81.1	10.38	573012
tb_profiler	r1000000	SAMN01908851	84.26	11.01	550188
tb_profiler	r1000000	SAMN02381037	83.4	10.04	514336
tb_profiler	r1000000	SAMN02398716	82.21	10.45	482576
tb_profiler	r1000000	SAMN02567713	85.76	11.22	502724
tb_profiler	r1000000	SAMN03647507	85.04	11.2	536028
tb_profiler	r1000000	SAMN03647666	85.44	11.25	548032
tb_profiler	r1000000	SAMN03648643	67.74	7.13	382684
tb_profiler	r1000000	SAMN03648823	71.58	8.17	388880
tb_profiler	r1000000	SAMN03653278	81.04	9.73	488476
tb_profiler	r1000000	SAMN07236255	79.23	9.78	542656
tb_profiler	r1000000	SAMN07236287	83.88	10.17	542952
tb_profiler	r1000000	SAMN07236511	79.58	9.65	548800
tb_profiler	r1000000	SAMN07236514	84.64	9.78	548508
tb_profiler	r1000000	SAMN07658827	80.18	10.3	508752
tb_profiler	r1000000	SAMN07765925	84.77	10.57	544876
tb_profiler	r1000000	SAMN07766033	81.1	10.31	536756
tb_profiler	r1000000	SAMN07766169	82.99	10.68	542792
tb_profiler	r1000000	SAMN07766431	80.49	10.25	546592
tb_profiler	r1000000	SAMN08214826	77.63	10.17	553308
tb_profiler	r1000000	SAMN08215206	79.23	10.28	559572
tb_profiler	r1000000	SAMN09090461	81.81	10	527760
tb_profiler	r1000000	SRS797241	81.21	10.78	525384
tb_profiler	r500	ERR1035005	44.31	3.57	74588
tb_profiler	r500	ERR1035119	46.05	3.61	76780
tb_profiler	r500	ERR126630	48.42	3.8	76484
tb_profiler	r500	ERR176459	45.9	3.71	76528
tb_profiler	r500	ERR176635	45.4	3.59	76320
tb_profiler	r500	ERR181942	42.99	3.49	76668
tb_profiler	r500	ERR245709	44.92	3.53	74548
tb_profiler	r500	ERR245785	44.74	3.62	76504
tb_profiler	r500	SAMEA1016120	45.97	3.78	76688
tb_profiler	r500	SAMEA104302773	46.42	3.63	76444
tb_profiler	r500	SAMEA1101630	46.67	3.63	76288
tb_profiler	r500	SAMEA1102417	46.96	3.68	74592
tb_profiler	r500	SAMEA1117586	45.64	3.88	76052
tb_profiler	r500	SAMEA1118442	46.98	3.65	76704
tb_profiler	r500	SAMEA1119086	45.28	3.64	75956
tb_profiler	r500	SAMEA1119856	47.75	4.02	74268
tb_profiler	r500	SAMEA1403637	52.3	4.09	74268
tb_profiler	r500	SAMEA1403704	42.67	3.68	76016
tb_profiler	r500	SAMEA1403937	44.21	3.63	76452
tb_profiler	r500	SAMEA2533488	46.15	3.75	76672
tb_profiler	r500	SAMEA2533688	46.31	3.62	77028
tb_profiler	r500	SAMEA2534879	43.83	3.69	76220
tb_profiler	r500	SAMEA2709874	45.26	3.88	74192
tb_profiler	r500	SAMEA3220391	46.47	3.63	76656
tb_profiler	r500	SAMEA3305009	44.3	3.57	76616
tb_profiler	r500	SAMEA3443154	61.99	4.62	76752
tb_profiler	r500	SAMEA3445009	48.87	4.18	76652
tb_profiler	r500	SAMEA3450051	47.46	3.67	76376
tb_profiler	r500	SAMN01908851	46.97	3.69	74584
tb_profiler	r500	SAMN02381037	47.15	3.66	74592
tb_profiler	r500	SAMN02398716	46.08	3.76	76180
tb_profiler	r500	SAMN02567713	46.75	3.66	76456
tb_profiler	r500	SAMN03647507	47.84	3.72	76632
tb_profiler	r500	SAMN03647666	46.09	3.63	76456
tb_profiler	r500	SAMN03648643	44.39	3.7	74480
tb_profiler	r500	SAMN03648823	47.15	3.79	74328
tb_profiler	r500	SAMN03653278	45.66	3.56	76424
tb_profiler	r500	SAMN07236255	41.97	3.46	76256
tb_profiler	r500	SAMN07236287	43.75	3.55	76648
tb_profiler	r500	SAMN07236511	44.82	3.73	74384
tb_profiler	r500	SAMN07236514	45.94	3.59	76220
tb_profiler	r500	SAMN07658827	45.97	3.59	75904
tb_profiler	r500	SAMN07765925	46.66	3.63	76692
tb_profiler	r500	SAMN07766033	50.87	4.26	74344
tb_profiler	r500	SAMN07766169	46.36	3.63	76336
tb_profiler	r500	SAMN07766431	47.54	3.68	76704
tb_profiler	r500	SAMN08214826	48.78	3.77	75988
tb_profiler	r500	SAMN08215206	44.86	3.6	76188
tb_profiler	r500	SAMN09090461	46.69	3.74	76808
tb_profiler	r500	SRS797241	48.06	3.68	74172
tb_profiler	r5000	ERR1035005	49.22	4.02	76044
tb_profiler	r5000	ERR1035119	46.98	4.22	74552
tb_profiler	r5000	ERR126630	47.7	3.87	74568
tb_profiler	r5000	ERR176459	46.59	3.85	76128
tb_profiler	r5000	ERR176635	48.12	3.78	74236
tb_profiler	r5000	ERR181942	45.53	3.81	76172
tb_profiler	r5000	ERR245709	46.42	3.82	74344
tb_profiler	r5000	ERR245785	46.79	3.77	76204
tb_profiler	r5000	SAMEA1016120	44.11	3.65	74436
tb_profiler	r5000	SAMEA104302773	43.42	3.81	76688
tb_profiler	r5000	SAMEA1101630	44.8	3.65	76804
tb_profiler	r5000	SAMEA1102417	46.67	3.73	76440
tb_profiler	r5000	SAMEA1117586	44.38	3.87	74152
tb_profiler	r5000	SAMEA1118442	48.97	3.91	74368
tb_profiler	r5000	SAMEA1119086	44.7	3.76	74376
tb_profiler	r5000	SAMEA1119856	40.01	4.02	74684
tb_profiler	r5000	SAMEA1403637	45.07	3.96	74080
tb_profiler	r5000	SAMEA1403704	41.52	3.98	74352
tb_profiler	r5000	SAMEA1403937	47.47	3.86	74256
tb_profiler	r5000	SAMEA2533488	49	4.06	76572
tb_profiler	r5000	SAMEA2533688	47.04	3.86	76652
tb_profiler	r5000	SAMEA2534879	48.31	3.88	74220
tb_profiler	r5000	SAMEA2709874	48.08	3.85	74108
tb_profiler	r5000	SAMEA3220391	46.41	3.83	76544
tb_profiler	r5000	SAMEA3305009	46.5	3.79	74484
tb_profiler	r5000	SAMEA3443154	45.45	3.95	77088
tb_profiler	r5000	SAMEA3445009	47.25	3.91	75824
tb_profiler	r5000	SAMEA3450051	45.03	3.99	74264
tb_profiler	r5000	SAMN01908851	45.87	3.89	75816
tb_profiler	r5000	SAMN02381037	44.12	3.68	74380
tb_profiler	r5000	SAMN02398716	43.35	3.66	76184
tb_profiler	r5000	SAMN02567713	43.55	3.81	74396
tb_profiler	r5000	SAMN03647507	45.82	3.77	76540
tb_profiler	r5000	SAMN03647666	45.98	3.71	76564
tb_profiler	r5000	SAMN03648643	48.19	4.02	76124
tb_profiler	r5000	SAMN03648823	45.38	3.73	74056
tb_profiler	r5000	SAMN03653278	46.55	3.77	76092
tb_profiler	r5000	SAMN07236255	45.12	3.62	76592
tb_profiler	r5000	SAMN07236287	45.34	3.79	76692
tb_profiler	r5000	SAMN07236511	49.14	3.83	74292
tb_profiler	r5000	SAMN07236514	47.19	3.78	74624
tb_profiler	r5000	SAMN07658827	47.94	3.76	74316
tb_profiler	r5000	SAMN07765925	46.76	3.86	74440
tb_profiler	r5000	SAMN07766033	46.54	3.79	76708
tb_profiler	r5000	SAMN07766169	44.76	3.69	76716
tb_profiler	r5000	SAMN07766431	47.47	3.82	74264
tb_profiler	r5000	SAMN08214826	48.03	3.8	76588
tb_profiler	r5000	SAMN08215206	47.06	3.97	74500
tb_profiler	r5000	SAMN09090461	47.75	3.75	76060
tb_profiler	r5000	SRS797241	45.54	3.92	76368
tb_profiler	r50000	ERR1035005	50.69	4.3	184376
tb_profiler	r50000	ERR1035119	54.03	4.4	183680
tb_profiler	r50000	ERR126630	51.1	4.45	185260
tb_profiler	r50000	ERR176459	53.47	4.38	187532
tb_profiler	r50000	ERR176635	52.68	4.36	185060
tb_profiler	r50000	ERR181942	55.32	4.97	189028
tb_profiler	r50000	ERR245709	50.88	4.32	170756
tb_profiler	r50000	ERR245785	55.16	4.44	173320
tb_profiler	r50000	SAMEA1016120	49.71	4.54	182840
tb_profiler	r50000	SAMEA104302773	53.74	4.37	176088
tb_profiler	r50000	SAMEA1101630	50.65	4.22	182496
tb_profiler	r50000	SAMEA1102417	52.17	4.38	184552
tb_profiler	r50000	SAMEA1117586	51.38	4.25	187208
tb_profiler	r50000	SAMEA1118442	49.53	4.12	183316
tb_profiler	r50000	SAMEA1119086	51.08	4.31	186448
tb_profiler	r50000	SAMEA1119856	51.83	4.28	179008
tb_profiler	r50000	SAMEA1403637	44.96	4.36	191408
tb_profiler	r50000	SAMEA1403704	50.79	4.4	208044
tb_profiler	r50000	SAMEA1403937	53.94	4.45	186380
tb_profiler	r50000	SAMEA2533488	54.53	4.42	187088
tb_profiler	r50000	SAMEA2533688	45.55	4.3	174388
tb_profiler	r50000	SAMEA2534879	51.72	4.21	187688
tb_profiler	r50000	SAMEA2709874	54.45	4.39	182144
tb_profiler	r50000	SAMEA3220391	52.06	4.33	183956
tb_profiler	r50000	SAMEA3305009	49.95	4.19	187184
tb_profiler	r50000	SAMEA3443154	50.16	4.13	185448
tb_profiler	r50000	SAMEA3445009	52.77	4.32	184028
tb_profiler	r50000	SAMEA3450051	50.69	4.25	186480
tb_profiler	r50000	SAMN01908851	50.62	4.17	183960
tb_profiler	r50000	SAMN02381037	50.71	4.14	179340
tb_profiler	r50000	SAMN02398716	50.8	4.47	177940
tb_profiler	r50000	SAMN02567713	50.72	4.17	177604
tb_profiler	r50000	SAMN03647507	50.89	4.27	179764
tb_profiler	r50000	SAMN03647666	54.48	4.58	177088
tb_profiler	r50000	SAMN03648643	48.86	4.04	176608
tb_profiler	r50000	SAMN03648823	50.99	4.17	176976
tb_profiler	r50000	SAMN03653278	52.78	4.22	176148
tb_profiler	r50000	SAMN07236255	49.99	4.17	181188
tb_profiler	r50000	SAMN07236287	51.07	4.13	178344
tb_profiler	r50000	SAMN07236511	51.16	4.31	179504
tb_profiler	r50000	SAMN07236514	49.63	4.03	179944
tb_profiler	r50000	SAMN07658827	53.69	4.39	180300
tb_profiler	r50000	SAMN07765925	52.66	4.28	178820
tb_profiler	r50000	SAMN07766033	51.04	4.17	182848
tb_profiler	r50000	SAMN07766169	50.45	4.21	180688
tb_profiler	r50000	SAMN07766431	49.69	4.26	181976
tb_profiler	r50000	SAMN08214826	50.66	4.12	181132
tb_profiler	r50000	SAMN08215206	51.65	4.32	181084
tb_profiler	r50000	SAMN09090461	49.67	4.23	174772
tb_profiler	r50000	SRS797241	51.81	4.24	190436
tb_profiler	r500000	ERR1035005	65.76	7.67	400320
tb_profiler	r500000	ERR1035119	68.96	7.73	396980
tb_profiler	r500000	ERR126630	66.07	7.98	372196
tb_profiler	r500000	ERR176459	67.59	7.6	389396
tb_profiler	r500000	ERR176635	63.37	7.34	367668
tb_profiler	r500000	ERR181942	63.39	7.67	384240
tb_profiler	r500000	ERR245709	65.37	7.03	402076
tb_profiler	r500000	ERR245785	62.28	7.13	372528
tb_profiler	r500000	SAMEA1016120	61.1	7.84	374048
tb_profiler	r500000	SAMEA104302773	63.31	7.45	407108
tb_profiler	r500000	SAMEA1101630	71.92	7.85	425800
tb_profiler	r500000	SAMEA1102417	64.25	7.77	381420
tb_profiler	r500000	SAMEA1117586	69.75	7.66	432692
tb_profiler	r500000	SAMEA1118442	68.94	7.35	399140
tb_profiler	r500000	SAMEA1119086	65.75	7.08	406936
tb_profiler	r500000	SAMEA1119856	64.04	7.21	411492
tb_profiler	r500000	SAMEA1403637	69.34	7.86	423064
tb_profiler	r500000	SAMEA1403704	61.87	8.44	376132
tb_profiler	r500000	SAMEA1403937	64.64	8.08	382880
tb_profiler	r500000	SAMEA2533488	61.55	7.55	385184
tb_profiler	r500000	SAMEA2533688	69.14	8.01	490592
tb_profiler	r500000	SAMEA2534879	67.34	7.68	383908
tb_profiler	r500000	SAMEA2709874	64.46	7.52	492544
tb_profiler	r500000	SAMEA3220391	66.61	7.43	454252
tb_profiler	r500000	SAMEA3305009	62.2	7.49	366632
tb_profiler	r500000	SAMEA3443154	65.33	7.56	393456
tb_profiler	r500000	SAMEA3445009	65.43	7.32	364980
tb_profiler	r500000	SAMEA3450051	61.51	7.34	371320
tb_profiler	r500000	SAMN01908851	64.57	7.89	403368
tb_profiler	r500000	SAMN02381037	65.58	7.18	410352
tb_profiler	r500000	SAMN02398716	64.18	7.86	377764
tb_profiler	r500000	SAMN02567713	69.11	7.98	388568
tb_profiler	r500000	SAMN03647507	65.96	7.71	374472
tb_profiler	r500000	SAMN03647666	65.46	7.28	391996
tb_profiler	r500000	SAMN03648643	64.85	6.85	370972
tb_profiler	r500000	SAMN03648823	65.11	7.01	377548
tb_profiler	r500000	SAMN03653278	66.7	7.02	402688
tb_profiler	r500000	SAMN07236255	66.31	7.12	455264
tb_profiler	r500000	SAMN07236287	65.65	7.07	394580
tb_profiler	r500000	SAMN07236511	65.4	7.14	387292
tb_profiler	r500000	SAMN07236514	63.82	7.22	379396
tb_profiler	r500000	SAMN07658827	66.29	7.29	415856
tb_profiler	r500000	SAMN07765925	71.61	7.78	402972
tb_profiler	r500000	SAMN07766033	62.86	7.18	378488
tb_profiler	r500000	SAMN07766169	62.8	7.08	387764
tb_profiler	r500000	SAMN07766431	67.05	7.19	431944
tb_profiler	r500000	SAMN08214826	65.1	7.14	384616
tb_profiler	r500000	SAMN08215206	66.67	7.26	433180
tb_profiler	r500000	SAMN09090461	67.32	7.08	452536
tb_profiler	r500000	SRS797241	64.47	7.53	378104
vmdm	r1000	ERR1035005	92.48	28.51	209904
vmdm	r1000	ERR1035119	98.41	28.45	215364
vmdm	r1000	ERR126630	89.45	28.08	215824
vmdm	r1000	ERR176459	95	28.78	218084
vmdm	r1000	ERR176635	101.19	29.66	227980
vmdm	r1000	ERR181942	95.8	28.7	206136
vmdm	r1000	ERR245709	98.66	28.9	214176
vmdm	r1000	ERR245785	97.52	28.51	209264
vmdm	r1000	SAMEA1016120	90.67	28.54	205904
vmdm	r1000	SAMEA104302773	94.76	29.03	234624
vmdm	r1000	SAMEA1101630	97.77	28.52	204480
vmdm	r1000	SAMEA1102417	98.33	29.15	209312
vmdm	r1000	SAMEA1117586	90.15	28.64	216716
vmdm	r1000	SAMEA1118442	96.77	29.33	226472
vmdm	r1000	SAMEA1119086	89.85	28.53	223528
vmdm	r1000	SAMEA1119856	94.94	28.28	206280
vmdm	r1000	SAMEA1403637	101.96	29.21	210952
vmdm	r1000	SAMEA1403704	82.59	27.29	204208
vmdm	r1000	SAMEA1403937	104.07	29.21	210372
vmdm	r1000	SAMEA2533488	97.24	28.7	211012
vmdm	r1000	SAMEA2533688	89.31	28.66	218704
vmdm	r1000	SAMEA2534879	82.28	27.5	209500
vmdm	r1000	SAMEA2709874	91.91	28.53	234396
vmdm	r1000	SAMEA3220391	90.43	28.24	208244
vmdm	r1000	SAMEA3305009	97.81	29.6	223028
vmdm	r1000	SAMEA3443154	92.31	28.38	205064
vmdm	r1000	SAMEA3445009	85.69	28.36	226488
vmdm	r1000	SAMEA3450051	94.67	28.39	211012
vmdm	r1000	SAMN01908851	92.61	29.28	219088
vmdm	r1000	SAMN02381037	81.94	26.6	198736
vmdm	r1000	SAMN02398716	101.16	28.88	203812
vmdm	r1000	SAMN02567713	76.44	26.44	202528
vmdm	r1000	SAMN03647507	93.6	28.36	225056
vmdm	r1000	SAMN03647666	93.92	28.47	208756
vmdm	r1000	SAMN03648643	77.29	27.43	209548
vmdm	r1000	SAMN03648823	97.28	29.07	225404
vmdm	r1000	SAMN03653278	89.6	28.24	214604
vmdm	r1000	SAMN07236255	86.39	28.05	212504
vmdm	r1000	SAMN07236287	94.07	28.87	204176
vmdm	r1000	SAMN07236511	102.57	29.67	214144
vmdm	r1000	SAMN07236514	90.42	28.51	217076
vmdm	r1000	SAMN07658827	98.45	29.3	205892
vmdm	r1000	SAMN07765925	85.38	28.83	219700
vmdm	r1000	SAMN07766033	86.97	27.75	210864
vmdm	r1000	SAMN07766169	89.21	28.41	210228
vmdm	r1000	SAMN07766431	85.61	27.98	217632
vmdm	r1000	SAMN08214826	94.81	28.53	211064
vmdm	r1000	SAMN08215206	87.62	28.28	215008
vmdm	r1000	SAMN09090461	91.19	28.38	217708
vmdm	r1000	SRS797241	93.41	28.83	219672
vmdm	r10000	ERR1035005	111.94	44.63	573648
vmdm	r10000	ERR1035119	104.7	44.24	571732
vmdm	r10000	ERR126630	113.15	48.93	571852
vmdm	r10000	ERR176459	113.01	43.45	582072
vmdm	r10000	ERR176635	115.44	44.53	582400
vmdm	r10000	ERR181942	108.52	42.79	571640
vmdm	r10000	ERR245709	104.68	42.14	582280
vmdm	r10000	ERR245785	101.35	42.29	572336
vmdm	r10000	SAMEA1016120	109.44	42.93	572144
vmdm	r10000	SAMEA104302773	100.05	42.74	571956
vmdm	r10000	SAMEA1101630	111.02	43.02	571956
vmdm	r10000	SAMEA1102417	117.05	43.79	571956
vmdm	r10000	SAMEA1117586	106.31	43.15	572264
vmdm	r10000	SAMEA1118442	106.47	42.88	571692
vmdm	r10000	SAMEA1119086	103.74	42.85	571940
vmdm	r10000	SAMEA1119856	108.93	43.71	571900
vmdm	r10000	SAMEA1403637	102.48	42.86	572092
vmdm	r10000	SAMEA1403704	108.2	43.57	573552
vmdm	r10000	SAMEA1403937	114.92	43.51	572104
vmdm	r10000	SAMEA2533488	104.94	42.86	573408
vmdm	r10000	SAMEA2533688	100.17	42.01	572240
vmdm	r10000	SAMEA2534879	109.97	42.89	573556
vmdm	r10000	SAMEA2709874	105.64	43.23	572280
vmdm	r10000	SAMEA3220391	105.38	43.46	571900
vmdm	r10000	SAMEA3305009	105.45	42.6	572052
vmdm	r10000	SAMEA3443154	108.53	43.19	573524
vmdm	r10000	SAMEA3445009	107.88	42.82	573012
vmdm	r10000	SAMEA3450051	94.67	42.34	572240
vmdm	r10000	SAMN01908851	109.11	43.48	572180
vmdm	r10000	SAMN02381037	104.89	38.25	510432
vmdm	r10000	SAMN02398716	100.45	42.7	571860
vmdm	r10000	SAMN02567713	101.91	41.71	572140
vmdm	r10000	SAMN03647507	102.67	42.43	572460
vmdm	r10000	SAMN03647666	98.8	42.02	571700
vmdm	r10000	SAMN03648643	106.8	43.06	572308
vmdm	r10000	SAMN03648823	106.42	43.34	571728
vmdm	r10000	SAMN03653278	104.39	43.2	573748
vmdm	r10000	SAMN07236255	100.4	41.89	571696
vmdm	r10000	SAMN07236287	101.02	42.47	572084
vmdm	r10000	SAMN07236511	108.26	43.49	572268
vmdm	r10000	SAMN07236514	107.22	43.13	572048
vmdm	r10000	SAMN07658827	97.85	42.75	572356
vmdm	r10000	SAMN07765925	102.06	42.98	572276
vmdm	r10000	SAMN07766033	99.62	42.44	571956
vmdm	r10000	SAMN07766169	103.34	42.65	572156
vmdm	r10000	SAMN07766431	113.86	44.22	571752
vmdm	r10000	SAMN08214826	114.56	44.12	566932
vmdm	r10000	SAMN08215206	100.31	42.28	572020
vmdm	r10000	SAMN09090461	98.05	42.17	573296
vmdm	r10000	SRS797241	111.69	44.11	572128
vmdm	r100000	ERR1035005	133.08	53.89	571736
vmdm	r100000	ERR1035119	134.32	55.33	572120
vmdm	r100000	ERR126630	123.04	53.6	572328
vmdm	r100000	ERR176459	130.15	55.07	571796
vmdm	r100000	ERR176635	119.76	54.06	571836
vmdm	r100000	ERR181942	119.59	53.97	571940
vmdm	r100000	ERR245709	119.6	53.42	571936
vmdm	r100000	ERR245785	126.48	54.81	581884
vmdm	r100000	SAMEA1016120	138.82	55.21	571696
vmdm	r100000	SAMEA104302773	130.36	54.72	571956
vmdm	r100000	SAMEA1101630	122.41	54.09	572440
vmdm	r100000	SAMEA1102417	131.66	55.71	567012
vmdm	r100000	SAMEA1117586	146.48	69.04	572184
vmdm	r100000	SAMEA1118442	155.08	91	571968
vmdm	r100000	SAMEA1119086	118.04	54.16	573568
vmdm	r100000	SAMEA1119856	151.58	62.25	572120
vmdm	r100000	SAMEA1403637	254.85	181.3	572432
vmdm	r100000	SAMEA1403704	127.19	60.95	571900
vmdm	r100000	SAMEA1403937	127.66	55.23	572124
vmdm	r100000	SAMEA2533488	130.64	54.33	572344
vmdm	r100000	SAMEA2533688	119.2	53.69	566920
vmdm	r100000	SAMEA2534879	127.85	53.87	572416
vmdm	r100000	SAMEA2709874	125.08	53.52	571768
vmdm	r100000	SAMEA3220391	119.25	53.4	572236
vmdm	r100000	SAMEA3305009	123.07	53.54	572300
vmdm	r100000	SAMEA3443154	123.77	53.57	571992
vmdm	r100000	SAMEA3445009	123.88	53.27	572160
vmdm	r100000	SAMEA3450051	125.31	54.14	571856
vmdm	r100000	SAMN01908851	124.96	53.69	572044
vmdm	r100000	SAMN02381037	111.61	48.32	572340
vmdm	r100000	SAMN02398716	127.35	54.02	572112
vmdm	r100000	SAMN02567713	115.54	52.09	571928
vmdm	r100000	SAMN03647507	124.98	53.5	572156
vmdm	r100000	SAMN03647666	127.17	54.41	572044
vmdm	r100000	SAMN03648643	134.47	54.17	572184
vmdm	r100000	SAMN03648823	122.89	53.94	572180
vmdm	r100000	SAMN03653278	122.78	52.7	571952
vmdm	r100000	SAMN07236255	122.17	53.19	571820
vmdm	r100000	SAMN07236287	126.29	53.31	571724
vmdm	r100000	SAMN07236511	124.33	53.59	572376
vmdm	r100000	SAMN07236514	127.1	53.57	572076
vmdm	r100000	SAMN07658827	118.42	53.75	572272
vmdm	r100000	SAMN07765925	126.04	55.8	572288
vmdm	r100000	SAMN07766033	135.72	57.17	571952
vmdm	r100000	SAMN07766169	128.02	56.84	572016
vmdm	r100000	SAMN07766431	138.27	59.88	571784
vmdm	r100000	SAMN08214826	115.56	53.52	572108
vmdm	r100000	SAMN08215206	130.26	53.9	582068
vmdm	r100000	SAMN09090461	136.54	55.46	572168
vmdm	r100000	SRS797241	123.36	54.31	572296
vmdm	r1000000	ERR1035005	167.25	66.48	591932
vmdm	r1000000	ERR1035119	168.11	66.69	596016
vmdm	r1000000	ERR126630	163.2	66.11	580220
vmdm	r1000000	ERR176459	160.28	65.5	574080
vmdm	r1000000	ERR176635	159.65	66.35	571576
vmdm	r1000000	ERR181942	163.33	66.52	579572
vmdm	r1000000	ERR245709	167.69	66.74	571880
vmdm	r1000000	ERR245785	159.83	66.07	572368
vmdm	r1000000	SAMEA1016120	161.51	65.05	579804
vmdm	r1000000	SAMEA104302773	160.9	65.66	591376
vmdm	r1000000	SAMEA1101630	170.39	66.18	597584
vmdm	r1000000	SAMEA1102417	161.1	66.22	580492
vmdm	r1000000	SAMEA1117586	159.67	65.48	605164
vmdm	r1000000	SAMEA1118442	169.14	66.7	581384
vmdm	r1000000	SAMEA1119086	167.42	75.78	582644
vmdm	r1000000	SAMEA1119856	158.33	65.69	596424
vmdm	r1000000	SAMEA1403637	171.02	67.46	582532
vmdm	r1000000	SAMEA1403704	200.75	91.5	580804
vmdm	r1000000	SAMEA1403937	182.09	68.9	572828
vmdm	r1000000	SAMEA2533488	172.39	69.59	582436
vmdm	r1000000	SAMEA2533688	170.43	68.42	587808
vmdm	r1000000	SAMEA2534879	161.14	67.46	585712
vmdm	r1000000	SAMEA2709874	179.58	68.59	571848
vmdm	r1000000	SAMEA3220391	159.21	68.7	571992
vmdm	r1000000	SAMEA3305009	154.41	63.98	571760
vmdm	r1000000	SAMEA3443154	161.33	66.39	596444
vmdm	r1000000	SAMEA3445009	179.22	67.16	592572
vmdm	r1000000	SAMEA3450051	163.81	66.29	587380
vmdm	r1000000	SAMN01908851	162.53	66.16	579768
vmdm	r1000000	SAMN02381037	157.9	63.64	571940
vmdm	r1000000	SAMN02398716	163.91	66.35	573200
vmdm	r1000000	SAMN02567713	174.91	70.01	572100
vmdm	r1000000	SAMN03647507	176.77	68.38	572348
vmdm	r1000000	SAMN03647666	181.08	69.31	572212
vmdm	r1000000	SAMN03648643	163.36	64.66	572200
vmdm	r1000000	SAMN03648823	151.32	63.24	571664
vmdm	r1000000	SAMN03653278	163.88	68.01	572104
vmdm	r1000000	SAMN07236255	158.15	65.16	572236
vmdm	r1000000	SAMN07236287	173.18	67.02	572004
vmdm	r1000000	SAMN07236511	160.37	65.32	571700
vmdm	r1000000	SAMN07236514	158.22	64.67	574584
vmdm	r1000000	SAMN07658827	162.42	65.77	571636
vmdm	r1000000	SAMN07765925	164.37	65.45	581092
vmdm	r1000000	SAMN07766033	162.8	65.38	577968
vmdm	r1000000	SAMN07766169	158.6	65.89	573736
vmdm	r1000000	SAMN07766431	164.17	64.87	582004
vmdm	r1000000	SAMN08214826	169.07	66.05	574728
vmdm	r1000000	SAMN08215206	185.57	67.25	573888
vmdm	r1000000	SAMN09090461	158.89	65.28	572296
vmdm	r1000000	SRS797241	170.94	67.04	585240
vmdm	r500	ERR1035005	74.35	26.21	199812
vmdm	r500	ERR1035119	93.66	27.12	200360
vmdm	r500	ERR126630	85.59	26.98	195264
vmdm	r500	ERR176459	80.89	26.78	199300
vmdm	r500	ERR176635	87.72	27.35	202820
vmdm	r500	ERR181942	91.02	27.5	202784
vmdm	r500	ERR245709	81.9	26.72	201868
vmdm	r500	ERR245785	79.56	26.38	196216
vmdm	r500	SAMEA1016120	78.03	25.97	202720
vmdm	r500	SAMEA104302773	90.54	27.85	198748
vmdm	r500	SAMEA1101630	82.66	26.55	201796
vmdm	r500	SAMEA1102417	84.06	26.4	202708
vmdm	r500	SAMEA1117586	83.78	27.48	201820
vmdm	r500	SAMEA1118442	84.04	27.22	200920
vmdm	r500	SAMEA1119086	94.43	27.69	199252
vmdm	r500	SAMEA1119856	80.09	26.89	198036
vmdm	r500	SAMEA1403637	80.78	27.14	198276
vmdm	r500	SAMEA1403704	78.92	27.03	197548
vmdm	r500	SAMEA1403937	86.84	26.79	200184
vmdm	r500	SAMEA2533488	87.21	27	198680
vmdm	r500	SAMEA2533688	93.12	27.35	200180
vmdm	r500	SAMEA2534879	97.41	28.06	199240
vmdm	r500	SAMEA2709874	77.83	26.41	202636
vmdm	r500	SAMEA3220391	73.3	25.73	202480
vmdm	r500	SAMEA3305009	87.09	26.93	201464
vmdm	r500	SAMEA3443154	79.07	26.25	198412
vmdm	r500	SAMEA3445009	89.54	27.9	202932
vmdm	r500	SAMEA3450051	78.39	26.26	199628
vmdm	r500	SAMN01908851	90.9	27.26	203284
vmdm	r500	SAMN02381037	66.39	24.57	196292
vmdm	r500	SAMN02398716	84.98	27.12	202248
vmdm	r500	SAMN02567713	68.84	25.22	196480
vmdm	r500	SAMN03647507	78.03	26.2	195788
vmdm	r500	SAMN03647666	74.35	26.08	203016
vmdm	r500	SAMN03648643	81.56	26.79	201916
vmdm	r500	SAMN03648823	84.98	27.39	199360
vmdm	r500	SAMN03653278	81.1	27.01	202256
vmdm	r500	SAMN07236255	75.54	25.84	201756
vmdm	r500	SAMN07236287	80.23	26.43	203536
vmdm	r500	SAMN07236511	88.19	28.05	198748
vmdm	r500	SAMN07236514	80.08	26.11	199664
vmdm	r500	SAMN07658827	80.89	26.38	199920
vmdm	r500	SAMN07765925	81.13	26.52	203752
vmdm	r500	SAMN07766033	79.29	26.96	200384
vmdm	r500	SAMN07766169	74.3	26.29	201960
vmdm	r500	SAMN07766431	80.1	26.2	200976
vmdm	r500	SAMN08214826	77.1	26.11	201244
vmdm	r500	SAMN08215206	75.57	25.98	199928
vmdm	r500	SAMN09090461	77.33	26.41	195248
vmdm	r500	SRS797241	91.02	27.96	198740
vmdm	r5000	ERR1035005	103.19	38.8	562536
vmdm	r5000	ERR1035119	100.17	38.72	542812
vmdm	r5000	ERR126630	103.85	39.33	544888
vmdm	r5000	ERR176459	105.42	38.94	567348
vmdm	r5000	ERR176635	100.16	39.85	566596
vmdm	r5000	ERR181942	107.51	38.12	549336
vmdm	r5000	ERR245709	96.8	38.48	534724
vmdm	r5000	ERR245785	109.16	37.93	521480
vmdm	r5000	SAMEA1016120	111.65	38.29	529044
vmdm	r5000	SAMEA104302773	102.12	40.01	555152
vmdm	r5000	SAMEA1101630	103.54	39.63	566964
vmdm	r5000	SAMEA1102417	104.39	38.96	560696
vmdm	r5000	SAMEA1117586	102.74	39.64	559272
vmdm	r5000	SAMEA1118442	99.3	39.59	566712
vmdm	r5000	SAMEA1119086	102.21	38.96	567172
vmdm	r5000	SAMEA1119856	105.27	39.42	539816
vmdm	r5000	SAMEA1403637	103.96	39.3	567212
vmdm	r5000	SAMEA1403704	113.77	39.87	540104
vmdm	r5000	SAMEA1403937	106.78	38.71	548656
vmdm	r5000	SAMEA2533488	102.65	39.31	560356
vmdm	r5000	SAMEA2533688	106.65	38.73	518528
vmdm	r5000	SAMEA2534879	94.84	37.56	556584
vmdm	r5000	SAMEA2709874	104.57	39.24	567200
vmdm	r5000	SAMEA3220391	102.96	39.53	566960
vmdm	r5000	SAMEA3305009	102.65	39.58	566816
vmdm	r5000	SAMEA3443154	102.86	39.23	527848
vmdm	r5000	SAMEA3445009	101.13	39.34	566924
vmdm	r5000	SAMEA3450051	97.58	39.22	566972
vmdm	r5000	SAMN01908851	99.73	39.08	563480
vmdm	r5000	SAMN02381037	92.06	31.66	295384
vmdm	r5000	SAMN02398716	100.13	38.01	527192
vmdm	r5000	SAMN02567713	103.12	36.41	459852
vmdm	r5000	SAMN03647507	102.29	39.11	567024
vmdm	r5000	SAMN03647666	93.9	36.93	496736
vmdm	r5000	SAMN03648643	102.24	38.45	522040
vmdm	r5000	SAMN03648823	102.82	40.03	567332
vmdm	r5000	SAMN03653278	104.2	38.49	530988
vmdm	r5000	SAMN07236255	98.14	37.92	534556
vmdm	r5000	SAMN07236287	101.91	38.18	496840
vmdm	r5000	SAMN07236511	98.78	38.59	567128
vmdm	r5000	SAMN07236514	98.33	37.94	561140
vmdm	r5000	SAMN07658827	105.17	39.03	567224
vmdm	r5000	SAMN07765925	101.21	39.16	555064
vmdm	r5000	SAMN07766033	104	38.51	537960
vmdm	r5000	SAMN07766169	107.1	38.71	512948
vmdm	r5000	SAMN07766431	97.42	38.17	529828
vmdm	r5000	SAMN08214826	100.52	38.47	548632
vmdm	r5000	SAMN08215206	106.15	38.51	557808
vmdm	r5000	SAMN09090461	101.19	38.17	567364
vmdm	r5000	SRS797241	109.22	39.83	558020
vmdm	r50000	ERR1035005	111.93	48.72	571668
vmdm	r50000	ERR1035119	118.11	49.94	571980
vmdm	r50000	ERR126630	113.31	49.61	572336
vmdm	r50000	ERR176459	113.95	49.13	571856
vmdm	r50000	ERR176635	111.16	49.13	571692
vmdm	r50000	ERR181942	117.81	49.27	581996
vmdm	r50000	ERR245709	114.37	49.32	571940
vmdm	r50000	ERR245785	114.78	49.03	581992
vmdm	r50000	SAMEA1016120	127.85	49.84	572272
vmdm	r50000	SAMEA104302773	124.33	49.68	582108
vmdm	r50000	SAMEA1101630	113.44	48.26	571792
vmdm	r50000	SAMEA1102417	112.87	48.23	572260
vmdm	r50000	SAMEA1117586	111.36	48.97	572012
vmdm	r50000	SAMEA1118442	110.56	48.98	571952
vmdm	r50000	SAMEA1119086	112.69	48.89	571860
vmdm	r50000	SAMEA1119856	115.26	48.95	572224
vmdm	r50000	SAMEA1403637	114.72	49.3	571996
vmdm	r50000	SAMEA1403704	115.06	49.49	572132
vmdm	r50000	SAMEA1403937	113.47	49.28	571904
vmdm	r50000	SAMEA2533488	113.86	48.98	571964
vmdm	r50000	SAMEA2533688	125.39	49.18	573540
vmdm	r50000	SAMEA2534879	108.91	49.24	571840
vmdm	r50000	SAMEA2709874	119	48.38	572236
vmdm	r50000	SAMEA3220391	111.61	48.34	572100
vmdm	r50000	SAMEA3305009	109.07	48.73	571948
vmdm	r50000	SAMEA3443154	113.76	48.21	572128
vmdm	r50000	SAMEA3445009	111.94	48.26	571972
vmdm	r50000	SAMEA3450051	114.59	48.75	571892
vmdm	r50000	SAMN01908851	114.52	48.19	566864
vmdm	r50000	SAMN02381037	104.78	43.84	572440
vmdm	r50000	SAMN02398716	115.17	47.96	573264
vmdm	r50000	SAMN02567713	109.74	47	572260
vmdm	r50000	SAMN03647507	110.2	48.78	571852
vmdm	r50000	SAMN03647666	120.23	49.5	573104
vmdm	r50000	SAMN03648643	118.64	48.59	571972
vmdm	r50000	SAMN03648823	109.4	48.16	572188
vmdm	r50000	SAMN03653278	130.09	50.07	572188
vmdm	r50000	SAMN07236255	115.76	49.08	571960
vmdm	r50000	SAMN07236287	113.33	49.11	572220
vmdm	r50000	SAMN07236511	120.22	49.32	573524
vmdm	r50000	SAMN07236514	112.84	48.81	572012
vmdm	r50000	SAMN07658827	118.96	48.99	573664
vmdm	r50000	SAMN07765925	111.61	49.28	572024
vmdm	r50000	SAMN07766033	110.21	48.53	572272
vmdm	r50000	SAMN07766169	113.58	48.23	571800
vmdm	r50000	SAMN07766431	124.25	49.33	571904
vmdm	r50000	SAMN08214826	112.53	48.45	572272
vmdm	r50000	SAMN08215206	111.44	48	571816
vmdm	r50000	SAMN09090461	123.82	49.04	571820
vmdm	r50000	SRS797241	114.16	48.43	572196
vmdm	r500000	ERR1035005	167.86	64.8	581912
vmdm	r500000	ERR1035119	158.61	64.32	572120
vmdm	r500000	ERR126630	150.49	62.49	572092
vmdm	r500000	ERR176459	148.59	64.09	571812
vmdm	r500000	ERR176635	147.26	62.55	572236
vmdm	r500000	ERR181942	143.13	62.73	572304
vmdm	r500000	ERR245709	151.7	62.69	582232
vmdm	r500000	ERR245785	150.07	63.08	582120
vmdm	r500000	SAMEA1016120	144.65	63.07	571720
vmdm	r500000	SAMEA104302773	157.9	64.47	571872
vmdm	r500000	SAMEA1101630	167.17	65.75	572312
vmdm	r500000	SAMEA1102417	166.86	64.6	572104
vmdm	r500000	SAMEA1117586	140.07	61.48	572088
vmdm	r500000	SAMEA1118442	145.09	62.69	572032
vmdm	r500000	SAMEA1119086	153.25	64.25	571880
vmdm	r500000	SAMEA1119856	157.65	63.91	572076
vmdm	r500000	SAMEA1403637	144.55	62.81	572120
vmdm	r500000	SAMEA1403704	150.6	65.93	572040
vmdm	r500000	SAMEA1403937	152.54	66.43	572292
vmdm	r500000	SAMEA2533488	145.3	63.4	571944
vmdm	r500000	SAMEA2533688	154.32	64.75	571880
vmdm	r500000	SAMEA2534879	137.67	62.66	571940
vmdm	r500000	SAMEA2709874	158	64.31	572100
vmdm	r500000	SAMEA3220391	142.89	63.5	567300
vmdm	r500000	SAMEA3305009	154.06	63.35	571660
vmdm	r500000	SAMEA3443154	143.72	63.2	571780
vmdm	r500000	SAMEA3445009	140.07	63.2	571928
vmdm	r500000	SAMEA3450051	156.86	69.86	572180
vmdm	r500000	SAMN01908851	143.97	61.66	571712
vmdm	r500000	SAMN02381037	137.48	58.85	571952
vmdm	r500000	SAMN02398716	140.48	61.89	571932
vmdm	r500000	SAMN02567713	151.8	61.96	572128
vmdm	r500000	SAMN03647507	153.65	64.26	572196
vmdm	r500000	SAMN03647666	141.5	62.57	571876
vmdm	r500000	SAMN03648643	148.6	62.11	571796
vmdm	r500000	SAMN03648823	141.71	62.74	572456
vmdm	r500000	SAMN03653278	144.19	62	571972
vmdm	r500000	SAMN07236255	161.37	62.83	573744
vmdm	r500000	SAMN07236287	146.54	61.97	567216
vmdm	r500000	SAMN07236511	159.87	63.09	572040
vmdm	r500000	SAMN07236514	141.53	60.81	571904
vmdm	r500000	SAMN07658827	143.65	62.13	567124
vmdm	r500000	SAMN07765925	139.94	60.78	571856
vmdm	r500000	SAMN07766033	143.44	61.87	572236
vmdm	r500000	SAMN07766169	145.18	61.72	572024
vmdm	r500000	SAMN07766431	144.07	62.37	572040
vmdm	r500000	SAMN08214826	142.16	61.64	571972
vmdm	r500000	SAMN08215206	154.05	62.81	571832
vmdm	r500000	SAMN09090461	141.67	61.65	572352
vmdm	r500000	SRS797241	155.59	64.64	571680
