Drug	rank	mutation_label	resistant_occurrences	fraction_of_resistant_occurrences	canonical_label
Rifampicin	1	rpoB_p.Ser450Leu	3059	0.572310570626754	1
Rifampicin	2	rpoB_p.Asp435Val	358	0.06697848456501403	0
Rifampicin	3	rpoB_p.His445Tyr	220	0.0411599625818522	0
Rifampicin	4	rpoB_p.Glu761Asp	184	0.03442469597754911	0
Rifampicin	5	rpoB_p.His445Asp	168	0.0314312441534144	0
Rifampicin	6	rpoB_p.Leu452Pro	161	0.03012160898035547	0
Rifampicin	7	rpoB_p.Asp435Tyr	125	0.023386342376052385	0
Rifampicin	8	rpoC_p.Ile491Thr	90	0.01683816651075772	0
Rifampicin	9	rpoB_p.Ser450Trp	84	0.0157156220767072	0
Rifampicin	10	rpoB_p.Asp435Gly	84	0.0157156220767072	0
Rifampicin	11	rpoB_p.His445Leu	57	0.010664172123479887	0
Rifampicin	12	rpoB_p.Leu430Pro	51	0.009541627689429373	0
Rifampicin	13	rpoC_p.Gly332Arg	42	0.0078578110383536	0
Rifampicin	14	rpoB_p.His445Arg	41	0.007670720299345182	0
Rifampicin	15	rpoB_p.Ile491Phe	41	0.007670720299345182	0
Rifampicin	16	rpoC_p.Asp485Asn	41	0.007670720299345182	0
Rifampicin	17	rpoB_p.Val170Phe	40	0.007483629560336763	0
Rifampicin	18	rpoC_p.Leu527Val	38	0.007109448082319925	0
Rifampicin	19	rpoC_p.Phe452Ser	36	0.006735266604303087	0
Rifampicin	20	rpoB_p.His445Cys	27	0.005051449953227315	0
Isoniazid	1	katG_p.Ser315Thr	4167	0.6534420573937588	1
Isoniazid	2	fabG1_c.-15C>T	997	0.15634310804453505	1
Isoniazid	3	fabG1_c.-8T>A	134	0.02101301552454132	0
Isoniazid	4	inhA_p.Ser94Ala	122	0.01913125294025404	0
Isoniazid	5	fabG1_c.-17G>T	114	0.017876744550729184	0
Isoniazid	6	inhA_p.Ile194Thr	107	0.016779049709894935	0
Isoniazid	7	fabG1_c.-8T>C	95	0.014897287125607653	0
Isoniazid	8	katG_p.Ser315Asn	80	0.01254508389524855	0
Isoniazid	9	ahpC_c.-52C>T	53	0.008311118080602165	0
Isoniazid	10	ahpC_c.-48G>A	52	0.008154304531911558	0
Isoniazid	11	inhA_p.Ile21Thr	43	0.0067429825936960956	0
Isoniazid	12	ahpC_c.-81C>T	25	0.0039203387172651715	0
Isoniazid	13	ahpC_c.-54C>T	22	0.003449898071193351	0
Isoniazid	14	katG_p.Ile335Val	19	0.0029794574251215305	0
Isoniazid	15	inhA_p.Ile21Val	17	0.0026658303277403168	0
Isoniazid	16	ahpC_c.-57C>T	17	0.0026658303277403168	0
Isoniazid	17	ahpC_p.Asp73His	16	0.00250901677904971	0
Isoniazid	18	katG_p.Ser315Gly	13	0.0020385761329778894	0
Isoniazid	19	fabG1_c.-8T>G	13	0.0020385761329778894	0
Isoniazid	20	katG_p.Trp191Arg	12	0.0018817625842872823	0
Ethambutol	1	embB_p.Met306Val	955	0.3367418899858956	1
Ethambutol	2	embB_p.Met306Ile	662	0.23342736248236953	0
Ethambutol	3	embB_p.Gln497Arg	203	0.07157968970380818	1
Ethambutol	4	embB_p.Asp354Ala	153	0.05394922425952045	0
Ethambutol	5	embA_c.-12C>T	120	0.04231311706629055	0
Ethambutol	6	embB_p.Gly406Ala	90	0.03173483779971791	0
Ethambutol	7	embA_c.-16C>G	81	0.028561354019746122	0
Ethambutol	8	embB_p.Gly406Asp	70	0.02468265162200282	0
Ethambutol	9	embA_c.-16C>T	66	0.0232722143864598	0
Ethambutol	10	embB_p.Asp1024Asn	64	0.022566995768688293	0
Ethambutol	11	embB_p.Gly406Ser	37	0.01304654442877292	1
Ethambutol	12	embB_p.Met306Leu	36	0.012693935119887164	0
Ethambutol	13	embB_p.Gln497Lys	35	0.01234132581100141	0
Ethambutol	14	embB_p.Asp328Gly	30	0.010578279266572637	0
Ethambutol	15	embA_c.-11C>A	29	0.010225669957686883	0
Ethambutol	16	embB_p.Glu405Asp	26	0.009167842031029619	0
Ethambutol	17	embB_p.Gln497Pro	21	0.007404795486600846	0
Ethambutol	18	embB_p.Ser297Ala	20	0.007052186177715092	0
Ethambutol	19	embB_p.Tyr319Ser	20	0.007052186177715092	0
Ethambutol	20	embB_p.Asp328Tyr	19	0.006699576868829337	0
